loc,lastmod,level_1,level_2
tagged/developer-productivity,2021-04-26,tagged,developer-productivity
tagged/neural-networks,2022-11-14,tagged,neural-networks
tagged/network,2024-04-24,tagged,network
tagged/tcp,2024-04-24,tagged,tcp
tagged/kernel,2024-04-24,tagged,kernel
tagged/artificial-intelligence,2024-06-19,tagged,artificial-intelligence
tagged/payment-processing,2025-08-18,tagged,payment-processing
tagged/ml-explainability,2025-08-18,tagged,ml-explainability
tagged/ml-observability,2025-08-18,tagged,ml-observability
tagged/system-design-concepts,2025-03-05,tagged,system-design-concepts
tagged/foundation-models,2025-05-21,tagged,foundation-models
tagged/intelligibility,2025-05-02,tagged,intelligibility
tagged/dialogue,2025-05-02,tagged,dialogue
tagged/big-data-platform,2022-07-21,tagged,big-data-platform
tagged/memory-management,2022-07-21,tagged,memory-management
tagged/machine-learning-platform,2024-03-07,tagged,machine-learning-platform
tagged/human-centric-design,2024-03-07,tagged,human-centric-design
tagged/ai,2025-05-21,tagged,ai
tagged/jvm,2024-03-06,tagged,jvm
tagged/garbage-collection,2024-03-06,tagged,garbage-collection
tagged/rule-based-classification,2024-03-04,tagged,rule-based-classification
tagged/operational-efficiency,2024-03-04,tagged,operational-efficiency
tagged/cost-efficiency,2024-03-04,tagged,cost-efficiency
tagged/rdf,2025-06-12,tagged,rdf
tagged/knowledge-management,2025-06-12,tagged,knowledge-management
tagged/data-catalog,2025-06-12,tagged,data-catalog
tagged/eventing,2024-04-04,tagged,eventing
tagged/ambiguity,2025-01-07,tagged,ambiguity
tagged/staff-engineering,2025-01-07,tagged,staff-engineering
tagged/rust,2024-02-26,tagged,rust
tagged/build,2016-03-09,tagged,build
tagged/chaos-monkey,2017-07-26,tagged,chaos-monkey
tagged/simian-army,2017-03-13,tagged,simian-army
tagged/netflixsecurity,2019-11-22,tagged,netflixsecurity
tagged/isp,2016-08-09,tagged,isp
tagged/streaming-video,2017-12-20,tagged,streaming-video
tagged/nosql,2015-01-27,tagged,nosql
tagged/cloud,2023-08-29,tagged,cloud
tagged/api,2021-09-15,tagged,api
tagged/netflix-api,2012-07-09,tagged,netflix-api
tagged/datastax,2016-02-01,tagged,datastax
tagged/hadoop,2014-11-11,tagged,hadoop
tagged/cassandra,2022-12-17,tagged,cassandra
tagged/hbase,2011-01-28,tagged,hbase
tagged/database,2025-09-26,tagged,database
tagged/throughput,2015-07-28,tagged,throughput
tagged/network-performance,2011-10-12,tagged,network-performance
tagged/product-management,2022-10-12,tagged,product-management
tagged/fail-fast,2011-01-19,tagged,fail-fast
tagged/a-b-testing,2024-08-26,tagged,a-b-testing
tagged/innovation,2025-03-24,tagged,innovation
tagged/videos,2025-07-02,tagged,videos
tagged/streaming,2025-07-02,tagged,streaming
tagged/aws,2021-12-08,tagged,aws
tagged/cloud-architecture,2016-08-01,tagged,cloud-architecture
tagged/cloud-computing,2023-08-16,tagged,cloud-computing
tagged/scaling,2013-05-08,tagged,scaling
tagged/culture,2021-10-28,tagged,culture
tagged/movie-production,2021-03-13,tagged,movie-production
tagged/content-hub,2021-03-13,tagged,content-hub
tagged/media-workflows,2021-03-13,tagged,media-workflows
tagged/media-management,2021-03-13,tagged,media-management
tagged/identity-and-access,2021-03-10,tagged,identity-and-access
tagged/permission,2021-03-10,tagged,permission
tagged/ami,2021-03-10,tagged,ami
tagged/remote-working,2021-03-15,tagged,remote-working
tagged/saltstack,2021-03-08,tagged,saltstack
tagged/priority-queue,2022-09-28,tagged,priority-queue
tagged/marken,2023-03-03,tagged,marken
tagged/distributed-transaction,2023-03-03,tagged,distributed-transaction
tagged/cloud-efficiency,2024-12-17,tagged,cloud-efficiency
tagged/analytics-engineering,2025-01-06,tagged,analytics-engineering
tagged/data-modeling,2024-12-17,tagged,data-modeling
tagged/cost,2024-12-17,tagged,cost
tagged/site-reliability-engineer,2025-09-19,tagged,site-reliability-engineer
tagged/data-migration,2013-02-14,tagged,data-migration
tagged/simpledb,2013-02-14,tagged,simpledb
tagged/high-availability,2023-08-16,tagged,high-availability
tagged/zuul,2018-05-21,tagged,zuul
tagged/open-source-software,2015-11-16,tagged,open-source-software
tagged/denominator,2013-03-29,tagged,denominator
tagged/concurrency,2024-07-29,tagged,concurrency
tagged/rxjava,2019-05-01,tagged,rxjava
tagged/rest,2021-02-22,tagged,rest
tagged/remote-procedure-calls,2013-01-28,tagged,remote-procedure-calls
tagged/data-structures,2013-01-18,tagged,data-structures
tagged/hashmap,2013-01-18,tagged,hashmap
tagged/programming,2024-02-13,tagged,programming
tagged/directed-graph,2013-01-18,tagged,directed-graph
tagged/javascript,2024-02-13,tagged,javascript
tagged/reactivex,2013-01-16,tagged,reactivex
tagged/reactive-programming,2013-02-04,tagged,reactive-programming
tagged/open-source-platform,2013-01-14,tagged,open-source-platform
tagged/big-data,2025-09-22,tagged,big-data
tagged/elastic-load-balancer,2012-12-31,tagged,elastic-load-balancer
tagged/elb,2013-06-14,tagged,elb
tagged/outage,2012-12-31,tagged,outage
tagged/quality-assurance,2025-08-11,tagged,quality-assurance
tagged/supply-chain,2012-12-17,tagged,supply-chain
tagged/turbine,2012-12-11,tagged,turbine
tagged/werner-vogels,2012-12-03,tagged,werner-vogels
tagged/andy-jassy,2012-12-03,tagged,andy-jassy
tagged/reed-hastings,2012-12-03,tagged,reed-hastings
tagged/high-volume,2012-11-20,tagged,high-volume
tagged/deadlock,2023-05-19,tagged,deadlock
tagged/locks,2012-11-20,tagged,locks
tagged/locking,2012-11-20,tagged,locking
tagged/appender,2012-11-20,tagged,appender
tagged/rca,2012-10-29,tagged,rca
tagged/research,2023-11-27,tagged,research
tagged/recommender-systems,2017-12-07,tagged,recommender-systems
tagged/load-balancing,2023-08-16,tagged,load-balancing
tagged/eureka,2013-03-11,tagged,eureka
tagged/failover,2019-09-23,tagged,failover
tagged/ssd,2012-07-19,tagged,ssd
tagged/ipv6,2012-07-18,tagged,ipv6
tagged/netflixoss,2019-11-22,tagged,netflixoss
tagged/device-proliferation,2012-07-09,tagged,device-proliferation
tagged/performance,2024-10-14,tagged,performance
tagged/asgard,2015-09-30,tagged,asgard
tagged/hive,2014-10-07,tagged,hive
tagged/s3,2021-05-05,tagged,s3
tagged/sketchy,2014-08-25,tagged,sketchy
tagged/scumblr,2014-08-25,tagged,scumblr
tagged/web-development,2018-11-12,tagged,web-development
tagged/hackday,2018-03-13,tagged,hackday
tagged/user-interface,2018-11-12,tagged,user-interface
tagged/nodejs,2021-06-25,tagged,nodejs
tagged/scalability,2024-11-12,tagged,scalability
tagged/security,2023-06-12,tagged,security
tagged/4k-video,2014-06-16,tagged,4k-video
tagged/4k,2020-04-02,tagged,4k
tagged/ultra-hd,2014-06-16,tagged,ultra-hd
tagged/sony,2014-06-16,tagged,sony
tagged/predictive-modeling,2018-03-22,tagged,predictive-modeling
tagged/algorithms,2020-08-11,tagged,algorithms
tagged/safari,2014-06-03,tagged,safari
tagged/os-x,2014-06-03,tagged,os-x
tagged/server-side-rendering,2015-08-05,tagged,server-side-rendering
tagged/payload,2015-08-05,tagged,payload
tagged/velocity,2015-08-03,tagged,velocity
tagged/linux,2025-04-08,tagged,linux
tagged/apache,2020-03-03,tagged,apache
tagged/threading,2015-07-28,tagged,threading
tagged/tomcat,2015-07-28,tagged,tomcat
tagged/latency,2015-07-28,tagged,latency
tagged/graph,2015-07-24,tagged,graph
tagged/outliers,2015-07-14,tagged,outliers
tagged/dbscan,2015-07-14,tagged,dbscan
tagged/cluster-analysis,2015-07-14,tagged,cluster-analysis
tagged/f-score,2015-07-14,tagged,f-score
tagged/appsanddevices,2015-09-22,tagged,appsanddevices
tagged/netflixdevices,2016-08-10,tagged,netflixdevices
tagged/architecture,2025-07-15,tagged,architecture
tagged/internationalization,2018-08-06,tagged,internationalization
tagged/localization,2021-06-22,tagged,localization
tagged/co2,2015-05-27,tagged,co2
tagged/carbon-footprint,2015-05-27,tagged,carbon-footprint
tagged/energy,2015-05-27,tagged,energy
tagged/energy-efficiency,2015-05-27,tagged,energy-efficiency
tagged/search,2024-04-04,tagged,search
tagged/complex-event-processing,2016-02-15,tagged,complex-event-processing
tagged/kafka,2025-07-10,tagged,kafka
tagged/chukwa,2016-02-15,tagged,chukwa
tagged/spark,2019-10-23,tagged,spark
tagged/thrift-api,2016-02-01,tagged,thrift-api
tagged/cql,2016-02-01,tagged,cql
tagged/dynomite,2021-06-25,tagged,dynomite
tagged/redis,2022-09-28,tagged,redis
tagged/integration-testing,2017-05-22,tagged,integration-testing
tagged/photon,2016-06-27,tagged,photon
tagged/cloud-gateway,2018-05-21,tagged,cloud-gateway
tagged/msl,2016-09-14,tagged,msl
tagged/workflow,2025-09-29,tagged,workflow
tagged/download,2017-03-08,tagged,download
tagged/chatops,2017-02-07,tagged,chatops
tagged/github,2017-02-07,tagged,github
tagged/tls,2021-10-14,tagged,tls
tagged/orchestration,2025-09-29,tagged,orchestration
tagged/inversion-of-control,2017-04-06,tagged,inversion-of-control
tagged/ruby-on-rails,2018-02-01,tagged,ruby-on-rails
tagged/ember,2017-05-04,tagged,ember
tagged/ruby,2018-02-01,tagged,ruby
tagged/dependencies,2017-04-27,tagged,dependencies
tagged/containers,2025-04-08,tagged,containers
tagged/application-development,2017-10-12,tagged,application-development
tagged/serverless,2018-06-20,tagged,serverless
tagged/developer-experience,2017-10-12,tagged,developer-experience
tagged/hdr,2025-03-24,tagged,hdr
tagged/declarative,2017-12-19,tagged,declarative
tagged/storage,2021-05-05,tagged,storage
tagged/servers,2017-12-12,tagged,servers
tagged/ttml2,2018-05-13,tagged,ttml2
tagged/japanese-subtitles,2017-12-11,tagged,japanese-subtitles
tagged/subtitles,2021-06-22,tagged,subtitles
tagged/adtech,2018-03-14,tagged,adtech
tagged/marketing-operations,2018-03-14,tagged,marketing-operations
tagged/marketing,2018-09-04,tagged,marketing
tagged/engineering,2024-12-17,tagged,engineering
tagged/digital-marketing,2018-03-14,tagged,digital-marketing
tagged/space,2018-03-13,tagged,space
tagged/webgl,2018-03-13,tagged,webgl
tagged/traffic-optimization,2018-03-12,tagged,traffic-optimization
tagged/traffic-management,2018-03-12,tagged,traffic-management
tagged/optimization-algorithms,2018-03-05,tagged,optimization-algorithms
tagged/media-processing,2021-03-01,tagged,media-processing
tagged/hive-metastore,2018-06-14,tagged,hive-metastore
tagged/request-tracing,2018-06-04,tagged,request-tracing
tagged/monitoring,2023-04-27,tagged,monitoring
tagged/conformity-monkey,2013-07-25,tagged,conformity-monkey
tagged/eucalyptus,2013-07-25,tagged,eucalyptus
tagged/ibm,2013-07-25,tagged,ibm
tagged/apache-pig,2015-02-19,tagged,apache-pig
tagged/premium-video-extensions,2013-06-26,tagged,premium-video-extensions
tagged/genie,2014-11-11,tagged,genie
tagged/women-in-tech,2018-04-02,tagged,women-in-tech
tagged/cloud-now,2013-06-12,tagged,cloud-now
tagged/metadata,2018-06-14,tagged,metadata
tagged/microservices,2025-07-02,tagged,microservices
tagged/silverlight,2013-04-15,tagged,silverlight
tagged/media-source-extensions,2014-06-03,tagged,media-source-extensions
tagged/webcrypto,2014-06-03,tagged,webcrypto
tagged/cloud-prize,2013-11-14,tagged,cloud-prize
tagged/karyon,2013-03-29,tagged,karyon
tagged/animator,2013-03-29,tagged,animator
tagged/amazon-machine-images,2013-03-22,tagged,amazon-machine-images
tagged/jenkins,2013-03-12,tagged,jenkins
tagged/ci,2013-03-12,tagged,ci
tagged/archaius,2013-06-12,tagged,archaius
tagged/python,2021-10-27,tagged,python
tagged/python-programming,2013-03-11,tagged,python-programming
tagged/blitz4j,2013-03-11,tagged,blitz4j
tagged/evcache,2018-12-04,tagged,evcache
tagged/media-document,2018-10-31,tagged,media-document
tagged/data-schema,2018-10-31,tagged,data-schema
tagged/schema-on-write,2018-10-31,tagged,schema-on-write
tagged/graphql,2024-04-04,tagged,graphql
tagged/osquery,2018-10-30,tagged,osquery
tagged/electron,2018-10-30,tagged,electron
tagged/endpoint-security,2018-10-30,tagged,endpoint-security
tagged/dashboard,2018-10-17,tagged,dashboard
tagged/distributed-database,2018-10-15,tagged,distributed-database
tagged/nmdb,2018-12-14,tagged,nmdb
tagged/media-timeline,2018-12-14,tagged,media-timeline
tagged/software-engineering,2025-03-05,tagged,software-engineering
tagged/production-technology,2021-03-13,tagged,production-technology
tagged/producing,2018-09-26,tagged,producing
tagged/prodicle,2018-09-26,tagged,prodicle
tagged/film-production,2018-09-26,tagged,film-production
tagged/microservice-architecture,2021-09-15,tagged,microservice-architecture
tagged/scientific-software,2019-03-07,tagged,scientific-software
tagged/scientific-research,2019-03-07,tagged,scientific-research
tagged/chrome,2019-03-06,tagged,chrome
tagged/amazon-s3,2019-03-06,tagged,amazon-s3
tagged/reliability-engineering,2019-03-05,tagged,reliability-engineering
tagged/data,2025-09-29,tagged,data
tagged/bpf,2019-02-20,tagged,bpf
tagged/product-design,2019-02-11,tagged,product-design
tagged/messaging,2019-02-11,tagged,messaging
tagged/product-development,2019-02-11,tagged,product-development
tagged/in-app-messaging,2019-02-11,tagged,in-app-messaging
tagged/workflow-automation,2019-07-31,tagged,workflow-automation
tagged/graphics,2019-07-02,tagged,graphics
tagged/user-interface-design,2019-07-02,tagged,user-interface-design
tagged/javascript-development,2019-07-02,tagged,javascript-development
tagged/productivity,2019-12-03,tagged,productivity
tagged/data-compression,2019-12-03,tagged,data-compression
tagged/nostalgia,2019-12-10,tagged,nostalgia
tagged/customer-service,2019-12-10,tagged,customer-service
tagged/image-classification,2020-02-06,tagged,image-classification
tagged/risk,2020-01-31,tagged,risk
tagged/information-security,2020-01-31,tagged,information-security
tagged/studio,2021-05-05,tagged,studio
tagged/production,2020-06-30,tagged,production
tagged/entertainment,2020-06-30,tagged,entertainment
tagged/experimentation-culture,2022-10-12,tagged,experimentation-culture
tagged/hdmi,2023-06-05,tagged,hdmi
tagged/set-top-box,2023-06-05,tagged,set-top-box
tagged/distributed-tracing,2020-10-19,tagged,distributed-tracing
tagged/akka-streams,2023-03-09,tagged,akka-streams
tagged/akka-actor,2023-03-09,tagged,akka-actor
tagged/load-shedding,2024-06-25,tagged,load-shedding
tagged/kotlin,2020-10-29,tagged,kotlin
tagged/kotlin-multiplatform,2020-10-29,tagged,kotlin-multiplatform
tagged/data-warehouse,2020-10-27,tagged,data-warehouse
tagged/batch-processing,2020-10-27,tagged,batch-processing
tagged/key-value-store,2020-10-27,tagged,key-value-store
tagged/etl,2022-12-04,tagged,etl
tagged/data-movement,2021-07-26,tagged,data-movement
tagged/design-systems,2021-02-10,tagged,design-systems
tagged/component-libraries,2021-02-10,tagged,component-libraries
tagged/build-vs-buy,2021-02-10,tagged,build-vs-buy
tagged/authorization,2023-05-19,tagged,authorization
tagged/identity-management,2021-02-09,tagged,identity-management
tagged/spring-boot,2021-02-03,tagged,spring-boot
tagged/growth,2021-02-08,tagged,growth
tagged/network-analytics,2021-06-07,tagged,network-analytics
tagged/ebpf,2025-04-08,tagged,ebpf
tagged/decision-making,2022-01-25,tagged,decision-making
tagged/protocol-buffers,2021-09-15,tagged,protocol-buffers
tagged/api-design,2021-09-15,tagged,api-design
tagged/grpc,2021-09-15,tagged,grpc
tagged/reactive-streams,2021-08-30,tagged,reactive-streams
tagged/alpakka,2021-08-30,tagged,alpakka
tagged/regression,2022-01-24,tagged,regression
tagged/changepoint,2022-01-24,tagged,changepoint
tagged/anomaly,2022-01-24,tagged,anomaly
tagged/auto-remediation,2022-01-14,tagged,auto-remediation
tagged/message-queue,2025-09-26,tagged,message-queue
tagged/appsec,2022-06-06,tagged,appsec
tagged/hiring,2022-06-06,tagged,hiring
tagged/ci-cd-pipeline,2021-10-15,tagged,ci-cd-pipeline
tagged/deployment,2021-10-15,tagged,deployment
tagged/data-management,2025-06-12,tagged,data-management
tagged/certificate,2021-10-14,tagged,certificate
tagged/bettertls,2021-10-14,tagged,bettertls
tagged/mobile-apps,2021-10-07,tagged,mobile-apps
tagged/video-editing,2024-06-19,tagged,video-editing
tagged/cloud-rendering,2022-11-15,tagged,cloud-rendering
tagged/vfx,2022-11-15,tagged,vfx
tagged/improve-video-quality,2022-11-14,tagged,improve-video-quality
tagged/jdk-8180450,2022-11-09,tagged,jdk-8180450
tagged/vtune,2022-11-09,tagged,vtune
tagged/pmc,2022-11-09,tagged,pmc
tagged/mlops,2024-12-20,tagged,mlops
tagged/apache-iceberg,2023-11-20,tagged,apache-iceberg
tagged/data-accuracy,2023-11-20,tagged,data-accuracy
tagged/automated-catchup,2023-11-15,tagged,automated-catchup
tagged/data-integrity,2023-11-15,tagged,data-integrity
tagged/icebergs,2023-11-15,tagged,icebergs
tagged/speech,2023-11-13,tagged,speech
tagged/music-classification,2023-11-13,tagged,music-classification
tagged/troubleshooting,2024-07-29,tagged,troubleshooting
tagged/cpu,2024-10-14,tagged,cpu
tagged/jupyter-notebook,2024-10-14,tagged,jupyter-notebook
tagged/live-streaming,2025-07-15,tagged,live-streaming
tagged/clojure,2014-01-02,tagged,clojure
tagged/pigs,2015-01-20,tagged,pigs
tagged/mapreduce,2014-01-02,tagged,mapreduce
tagged/encoding,2023-11-29,tagged,encoding
tagged/accelerated-compositing,2013-12-16,tagged,accelerated-compositing
tagged/logging,2013-12-09,tagged,logging
tagged/data-pipeline,2023-11-20,tagged,data-pipeline
tagged/suro,2013-12-09,tagged,suro
tagged/zeno,2013-12-05,tagged,zeno
tagged/tv,2017-12-19,tagged,tv
tagged/devices,2013-11-18,tagged,devices
tagged/tvs,2017-05-17,tagged,tvs
tagged/winner,2013-11-14,tagged,winner
tagged/predictions,2013-12-04,tagged,predictions
tagged/analytics,2025-01-06,tagged,analytics
tagged/availability,2013-12-19,tagged,availability
tagged/continuous-integration,2018-06-20,tagged,continuous-integration
tagged/insights,2018-10-17,tagged,insights
tagged/automation,2023-11-08,tagged,automation
tagged/continuous-delivery,2021-10-07,tagged,continuous-delivery
tagged/anomaly-detection,2022-09-21,tagged,anomaly-detection
tagged/rpca,2015-02-19,tagged,rpca
tagged/optimization,2020-12-21,tagged,optimization
tagged/observability,2025-04-08,tagged,observability
tagged/isolation,2015-02-10,tagged,isolation
tagged/stream-processing,2023-11-03,tagged,stream-processing
tagged/modules,2015-02-10,tagged,modules
tagged/class-loader,2015-02-10,tagged,class-loader
tagged/site-reliability,2020-08-14,tagged,site-reliability
tagged/operational-excellence,2016-08-05,tagged,operational-excellence
tagged/devops,2024-03-18,tagged,devops
tagged/react,2024-02-13,tagged,react
tagged/memcached,2018-07-12,tagged,memcached
tagged/telemetry,2014-12-12,tagged,telemetry
tagged/dockerhub,2014-11-12,tagged,dockerhub
tagged/docker,2023-05-19,tagged,docker
tagged/emr,2014-11-11,tagged,emr
tagged/cloud-database,2014-11-10,tagged,cloud-database
tagged/elasticsearch,2024-04-04,tagged,elasticsearch
tagged/raigad,2014-11-10,tagged,raigad
tagged/prana,2014-11-05,tagged,prana
tagged/sidecar,2014-11-05,tagged,sidecar
tagged/data-replication,2014-11-03,tagged,data-replication
tagged/sharding,2021-07-13,tagged,sharding
tagged/cryptography,2014-10-31,tagged,cryptography
tagged/https,2021-10-14,tagged,https
tagged/authentication,2021-02-09,tagged,authentication
tagged/failure-injection,2014-10-23,tagged,failure-injection
tagged/testing,2024-02-13,tagged,testing
tagged/test-automation,2014-10-23,tagged,test-automation
tagged/android,2021-01-21,tagged,android
tagged/awsreinvent,2015-10-02,tagged,awsreinvent
tagged/spinnaker,2021-03-08,tagged,spinnaker
tagged/chaos-engineering,2024-06-25,tagged,chaos-engineering
tagged/chaos-kong,2017-07-26,tagged,chaos-kong
tagged/virtual-reality,2015-09-24,tagged,virtual-reality
tagged/oculus-connect,2015-09-24,tagged,oculus-connect
tagged/samsung-gear-vr,2015-09-24,tagged,samsung-gear-vr
tagged/oculus,2015-09-24,tagged,oculus
tagged/gearvr,2015-09-24,tagged,gearvr
tagged/computer-vision,2023-08-17,tagged,computer-vision
tagged/pki,2021-10-14,tagged,pki
tagged/ssl,2017-04-10,tagged,ssl
tagged/sleepy-puppy,2015-11-20,tagged,sleepy-puppy
tagged/xs,2015-11-20,tagged,xs
tagged/cross-site-scripting,2015-08-31,tagged,cross-site-scripting
tagged/bin-packing,2015-08-20,tagged,bin-packing
tagged/fenzo,2015-08-20,tagged,fenzo
tagged/cluster-autoscaling,2015-08-20,tagged,cluster-autoscaling
tagged/scheduling,2018-08-22,tagged,scheduling
tagged/mesos,2018-04-18,tagged,mesos
tagged/falcor,2015-10-20,tagged,falcor
tagged/imsc,2016-06-27,tagged,imsc
tagged/ttml,2017-12-11,tagged,ttml
tagged/john-stamos,2016-04-01,tagged,john-stamos
tagged/april-fools,2016-04-01,tagged,april-fools
tagged/xr,2019-05-01,tagged,xr
tagged/rxjs,2016-03-23,tagged,rxjs
tagged/content-metadata,2016-07-05,tagged,content-metadata
tagged/real-time-streaming,2016-03-14,tagged,real-time-streaming
tagged/aminator,2016-03-09,tagged,aminator
tagged/bake,2016-03-09,tagged,bake
tagged/imf,2016-06-27,tagged,imf
tagged/workshop,2016-05-05,tagged,workshop
tagged/workshopprs,2016-05-05,tagged,workshopprs
tagged/artwork,2020-02-06,tagged,artwork
tagged/experimentation,2024-08-26,tagged,experimentation
tagged/ab-testing,2024-03-18,tagged,ab-testing
tagged/distributed-systems,2025-09-29,tagged,distributed-systems
tagged/keystone,2016-04-27,tagged,keystone
tagged/timed-text,2021-06-22,tagged,timed-text
tagged/efficiency,2018-03-12,tagged,efficiency
tagged/flamegraphs,2016-04-11,tagged,flamegraphs
tagged/flux,2016-08-03,tagged,flux
tagged/traffic,2016-08-03,tagged,traffic
tagged/vizceral,2016-08-03,tagged,vizceral
tagged/titus,2022-11-03,tagged,titus
tagged/mantis,2016-07-29,tagged,mantis
tagged/apache-mesos,2016-07-29,tagged,apache-mesos
tagged/migration,2023-06-14,tagged,migration
tagged/original,2016-07-18,tagged,original
tagged/media-pipeline,2016-07-18,tagged,media-pipeline
tagged/continue-watching,2016-10-12,tagged,continue-watching
tagged/reinvent,2019-11-22,tagged,reinvent
tagged/fps,2017-01-12,tagged,fps
tagged/gcp,2017-03-13,tagged,gcp
tagged/google-cloud-platform,2017-03-13,tagged,google-cloud-platform
tagged/ux,2018-06-18,tagged,ux
tagged/networking,2025-04-08,tagged,networking
tagged/statistics,2024-08-26,tagged,statistics
tagged/testing-tools,2023-06-14,tagged,testing-tools
tagged/simulation,2019-11-12,tagged,simulation
tagged/scale,2023-06-14,tagged,scale
tagged/cloud-security,2021-12-08,tagged,cloud-security
tagged/raspberry-pi,2017-08-29,tagged,raspberry-pi
tagged/software-architecture,2025-09-26,tagged,software-architecture
tagged/event-sourcing,2021-08-30,tagged,event-sourcing
tagged/download-videos,2017-09-18,tagged,download-videos
tagged/container-orchestration,2022-11-03,tagged,container-orchestration
tagged/image-processing,2025-08-11,tagged,image-processing
tagged/image-recognition,2018-02-07,tagged,image-recognition
tagged/json-api,2018-02-01,tagged,json-api
tagged/rubygems,2018-02-01,tagged,rubygems
tagged/api-gateway,2020-11-09,tagged,api-gateway
tagged/cloud-services,2018-05-17,tagged,cloud-services
tagged/sdlc,2018-05-17,tagged,sdlc
tagged/日本語字幕,2018-05-13,tagged,日本語字幕
tagged/縦字幕,2018-05-13,tagged,縦字幕
tagged/組み文字,2018-05-13,tagged,組み文字
tagged/ルビ,2018-05-13,tagged,ルビ
tagged/cinema,2018-05-11,tagged,cinema
tagged/image,2020-02-13,tagged,image
tagged/quasi-experiment,2018-09-19,tagged,quasi-experiment
tagged/causal-inference,2024-06-06,tagged,causal-inference
tagged/bootstrap,2018-09-17,tagged,bootstrap
tagged/video-production,2025-08-11,tagged,video-production
tagged/content-creation,2018-09-24,tagged,content-creation
tagged/post-production,2019-02-05,tagged,post-production
tagged/keystone-data-pipeline,2018-09-10,tagged,keystone-data-pipeline
tagged/advertising,2019-02-04,tagged,advertising
tagged/jupyter,2018-08-22,tagged,jupyter
tagged/nteract,2018-08-22,tagged,nteract
tagged/color-science,2019-02-05,tagged,color-science
tagged/film-and-television,2019-02-05,tagged,film-and-television
tagged/film-history,2019-02-05,tagged,film-history
tagged/color-management,2019-02-05,tagged,color-management
tagged/budget-optimization,2019-02-04,tagged,budget-optimization
tagged/campaign-management,2019-02-04,tagged,campaign-management
tagged/meta-analysis,2019-01-31,tagged,meta-analysis
tagged/experiment,2019-01-31,tagged,experiment
tagged/statistical-inference,2019-01-31,tagged,statistical-inference
tagged/rxjava2,2019-05-01,tagged,rxjava2
tagged/encoder,2019-04-17,tagged,encoder
tagged/av1,2025-03-24,tagged,av1
tagged/video-codec,2020-02-05,tagged,video-codec
tagged/aom,2020-02-05,tagged,aom
tagged/svt,2019-04-17,tagged,svt
tagged/windows,2019-08-22,tagged,windows
tagged/video-compression,2023-11-29,tagged,video-compression
tagged/api-integration,2020-03-10,tagged,api-integration
tagged/hexagonal-architecture,2020-03-10,tagged,hexagonal-architecture
tagged/kubernetes,2023-10-27,tagged,kubernetes
tagged/data-platforms,2022-01-14,tagged,data-platforms
tagged/big-data-infrastructure,2020-12-21,tagged,big-data-infrastructure
tagged/distributed-computing,2021-03-01,tagged,distributed-computing
tagged/serverless-computing,2021-03-01,tagged,serverless-computing
tagged/award-winning,2021-02-26,tagged,award-winning
tagged/file-format,2021-02-26,tagged,file-format
tagged/graphql-vs-rest,2021-02-22,tagged,graphql-vs-rest
tagged/rapid-prototyping,2021-02-22,tagged,rapid-prototyping
tagged/netflix-engineering,2021-02-16,tagged,netflix-engineering
tagged/rule-based-platform,2021-02-16,tagged,rule-based-platform
tagged/membership-engineering,2021-02-16,tagged,membership-engineering
tagged/data-tools,2021-04-26,tagged,data-tools
tagged/vuejs,2021-06-25,tagged,vuejs
tagged/specifications,2021-06-22,tagged,specifications
tagged/dubbing,2021-06-22,tagged,dubbing
tagged/data-mesh,2023-11-03,tagged,data-mesh
tagged/data-streaming,2021-07-26,tagged,data-streaming
tagged/webpack,2021-09-27,tagged,webpack
tagged/micro-frontends,2021-09-27,tagged,micro-frontends
tagged/typescript,2021-09-27,tagged,typescript
tagged/recruiting,2022-02-01,tagged,recruiting
tagged/gaming,2022-02-01,tagged,gaming
tagged/back-end-development,2022-02-01,tagged,back-end-development
tagged/indexing,2022-04-12,tagged,indexing
tagged/recommendation-system,2024-08-29,tagged,recommendation-system
tagged/icvfx,2022-08-10,tagged,icvfx
tagged/validation,2022-08-10,tagged,validation
tagged/unreal-engine,2022-08-10,tagged,unreal-engine
tagged/game-engine,2022-08-10,tagged,game-engine
tagged/virtual-production,2022-08-10,tagged,virtual-production
tagged/distributed-cache,2022-11-03,tagged,distributed-cache
tagged/data-processing,2022-12-17,tagged,data-processing
tagged/causality,2023-01-11,tagged,causality
tagged/creative-production,2023-01-11,tagged,creative-production
tagged/fuse,2023-05-19,tagged,fuse
tagged/system-migration,2023-05-23,tagged,system-migration
tagged/multimodal,2023-06-20,tagged,multimodal
tagged/nlp,2023-06-20,tagged,nlp
tagged/information-technology,2023-06-12,tagged,information-technology
tagged/apple,2023-06-12,tagged,apple
tagged/mac,2023-06-12,tagged,mac
tagged/mdm,2023-06-12,tagged,mdm
tagged/qms,2023-06-05,tagged,qms
tagged/envoy,2023-08-29,tagged,envoy
tagged/ipc,2023-08-29,tagged,ipc
tagged/service-mesh,2023-08-29,tagged,service-mesh
tagged/kernel-panic,2023-10-27,tagged,kernel-panic
tagged/data-engineer,2023-12-14,tagged,data-engineer
tagged/reward-engineering,2024-08-29,tagged,reward-engineering
tagged/data-architecture,2025-07-10,tagged,data-architecture
tagged/cqrs,2025-07-10,tagged,cqrs
tagged/tudum,2025-07-10,tagged,tudum
tagged/software-development,2024-03-18,tagged,software-development
tagged/open-source,2021-10-27,tagged,open-source
tagged/mobile-app-development,2020-10-29,tagged,mobile-app-development
tagged/html5,2017-12-20,tagged,html5
tagged/ui-design,2010-12-03,tagged,ui-design
tagged/ps3,2010-12-03,tagged,ps3
tagged/technology,2025-08-21,tagged,technology
tagged/netflix,2025-07-15,tagged,netflix
tagged/data-science,2024-08-26,tagged,data-science
tagged/consumer-data-science,2012-06-20,tagged,consumer-data-science
tagged/configuration-management,2014-06-30,tagged,configuration-management
tagged/configuration,2012-06-18,tagged,configuration
tagged/recommendations,2018-06-21,tagged,recommendations
tagged/personalization,2025-05-21,tagged,personalization
tagged/machine-learning,2025-09-29,tagged,machine-learning
tagged/android-app-development,2019-05-30,tagged,android-app-development
tagged/astyanax,2016-02-01,tagged,astyanax
tagged/load-testing,2023-06-01,tagged,load-testing
tagged/jmeter,2012-03-13,tagged,jmeter
tagged/thrift,2012-03-13,tagged,thrift
tagged/fault-tolerance,2023-03-09,tagged,fault-tolerance
tagged/hystrix,2012-12-11,tagged,hystrix
tagged/resilience,2020-11-02,tagged,resilience
tagged/reliability,2025-09-26,tagged,reliability
tagged/aegisthus,2013-12-11,tagged,aegisthus
tagged/big-data-and-analytics,2012-02-27,tagged,big-data-and-analytics
tagged/priam,2012-02-21,tagged,priam
tagged/metrics,2021-10-07,tagged,metrics
tagged/servo,2012-02-10,tagged,servo
tagged/caching,2019-07-12,tagged,caching
tagged/autoscaling,2018-07-09,tagged,autoscaling
tagged/distributed,2016-08-16,tagged,distributed
tagged/coordination,2011-11-29,tagged,coordination
tagged/benchmark,2016-09-01,tagged,benchmark
tagged/ui,2018-10-17,tagged,ui
tagged/inheritance,2014-05-16,tagged,inheritance
tagged/codechix,2014-04-01,tagged,codechix
tagged/cloudnow,2014-04-01,tagged,cloudnow
tagged/user-experience,2017-05-17,tagged,user-experience
tagged/java,2024-07-29,tagged,java
tagged/responsive-web-design,2014-03-03,tagged,responsive-web-design
tagged/prototyping,2014-03-03,tagged,prototyping
tagged/smart-devices,2014-03-03,tagged,smart-devices
tagged/hackathons,2019-12-10,tagged,hackathons
tagged/tech,2018-04-02,tagged,tech
tagged/gpu,2017-10-18,tagged,gpu
tagged/cuda,2014-02-10,tagged,cuda
tagged/deep-learning,2025-05-21,tagged,deep-learning
tagged/operational-visibility,2014-01-16,tagged,operational-visibility
tagged/operational-insight,2020-10-19,tagged,operational-insight
tagged/data-visualization,2023-12-14,tagged,data-visualization
tagged/real-time-insights,2016-03-14,tagged,real-time-insights
tagged/fido,2015-05-04,tagged,fido
tagged/alerts,2015-05-04,tagged,alerts
tagged/cybersecurity,2017-02-21,tagged,cybersecurity
tagged/page-generation,2019-11-12,tagged,page-generation
tagged/performance-co-pilot,2015-04-08,tagged,performance-co-pilot
tagged/vector,2015-04-08,tagged,vector
tagged/text-recognition,2015-04-06,tagged,text-recognition
tagged/payments,2025-08-18,tagged,payments
tagged/billing,2016-08-01,tagged,billing
tagged/meetup,2017-11-20,tagged,meetup
tagged/apache-spark,2018-06-21,tagged,apache-spark
tagged/apache-kafka,2015-06-15,tagged,apache-kafka
tagged/nintendo,2015-03-09,tagged,nintendo
tagged/playback,2020-04-20,tagged,playback
tagged/quality-content,2015-12-10,tagged,quality-content
tagged/quality-control,2016-06-06,tagged,quality-control
tagged/video-encoding,2025-07-02,tagged,video-encoding
tagged/video-quality,2023-11-29,tagged,video-quality
tagged/content-delivery,2016-08-11,tagged,content-delivery
tagged/os,2015-11-16,tagged,os
tagged/quality-metrics,2016-06-06,tagged,quality-metrics
tagged/meson,2016-07-29,tagged,meson
tagged/infrastructure,2024-12-17,tagged,infrastructure
tagged/ios,2020-10-29,tagged,ios
tagged/animation,2020-04-02,tagged,animation
tagged/mobile,2020-09-08,tagged,mobile
tagged/queue,2016-08-16,tagged,queue
tagged/open-connect,2020-11-23,tagged,open-connect
tagged/fill,2016-08-11,tagged,fill
tagged/software-testing,2024-02-12,tagged,software-testing
tagged/internet-speed,2016-08-09,tagged,internet-speed
tagged/network-speed,2016-08-09,tagged,network-speed
tagged/aes-ni,2016-08-08,tagged,aes-ni
tagged/freebsd,2017-09-29,tagged,freebsd
tagged/encryption,2016-08-08,tagged,encryption
tagged/aes-gcm,2016-08-08,tagged,aes-gcm
tagged/dare,2016-08-05,tagged,dare
tagged/winston,2016-08-05,tagged,winston
tagged/chao,2016-10-19,tagged,chao
tagged/4k-ultra-hd,2017-01-03,tagged,4k-ultra-hd
tagged/windows-10,2017-12-20,tagged,windows-10
tagged/microsoft-edge,2017-12-20,tagged,microsoft-edge
tagged/internet,2017-05-25,tagged,internet
tagged/content-delivery-network,2017-09-29,tagged,content-delivery-network
tagged/automation-testing,2020-09-04,tagged,automation-testing
tagged/saas,2018-09-26,tagged,saas
tagged/automation-tools,2017-05-22,tagged,automation-tools
tagged/application-security,2017-07-28,tagged,application-security
tagged/ddos-protection,2017-07-28,tagged,ddos-protection
tagged/chaps,2017-07-26,tagged,chaps
tagged/persistence,2018-01-23,tagged,persistence
tagged/compression,2018-12-13,tagged,compression
tagged/automated-testing,2018-04-10,tagged,automated-testing
tagged/visualization,2018-04-04,tagged,visualization
tagged/edge-engineering,2020-12-11,tagged,edge-engineering
tagged/film,2020-12-10,tagged,film
tagged/tv-series,2020-12-10,tagged,tv-series
tagged/translation,2018-08-06,tagged,translation
tagged/i18n,2018-08-06,tagged,i18n
tagged/globalization,2018-08-06,tagged,globalization
tagged/dfir,2018-07-17,tagged,dfir
tagged/incident-response,2025-09-19,tagged,incident-response
tagged/spring,2018-12-18,tagged,spring
tagged/apache-cassandra,2018-12-14,tagged,apache-cassandra
tagged/media-document-model,2018-12-14,tagged,media-document-model
tagged/standards,2018-12-13,tagged,standards
tagged/redux,2019-05-30,tagged,redux
tagged/front-end-development,2019-11-04,tagged,front-end-development
tagged/cache,2018-12-04,tagged,cache
tagged/trailers,2023-11-08,tagged,trailers
tagged/eye-tracking,2018-11-07,tagged,eye-tracking
tagged/slackbot,2018-11-07,tagged,slackbot
tagged/sharks,2018-11-07,tagged,sharks
tagged/timeseries,2018-11-05,tagged,timeseries
tagged/voltron,2019-06-20,tagged,voltron
tagged/meetings,2019-06-20,tagged,meetings
tagged/components,2019-05-30,tagged,components
tagged/reactive,2019-05-30,tagged,reactive
tagged/reinforcement-learning,2022-08-15,tagged,reinforcement-learning
tagged/scala,2019-10-23,tagged,scala
tagged/notebook,2019-10-23,tagged,notebook
tagged/realtime,2020-03-03,tagged,realtime
tagged/contextual-bandit,2024-08-29,tagged,contextual-bandit
tagged/ml-platform,2019-10-18,tagged,ml-platform
tagged/pub-sub,2019-10-16,tagged,pub-sub
tagged/change-data-capture,2019-12-17,tagged,change-data-capture
tagged/event-driven-systems,2019-10-15,tagged,event-driven-systems
tagged/data-synchronization,2019-12-17,tagged,data-synchronization
tagged/mysql,2019-12-17,tagged,mysql
tagged/postgres,2019-12-17,tagged,postgres
tagged/metrics-and-analytics,2020-03-03,tagged,metrics-and-analytics
tagged/druid,2025-09-22,tagged,druid
tagged/crisis-management,2020-02-24,tagged,crisis-management
tagged/anime,2020-04-02,tagged,anime
tagged/sre,2023-06-01,tagged,sre
tagged/incident-management,2025-09-19,tagged,incident-management
tagged/cloud-networking,2021-09-13,tagged,cloud-networking
tagged/data-engineering,2025-09-22,tagged,data-engineering
tagged/cloud-infrastructure,2020-05-26,tagged,cloud-infrastructure
tagged/visual-effects,2020-07-17,tagged,visual-effects
tagged/data-infrastructure,2020-12-21,tagged,data-infrastructure
tagged/backend,2020-09-08,tagged,backend
tagged/backends-for-frontends,2020-09-08,tagged,backends-for-frontends
tagged/debugging,2024-10-14,tagged,debugging
tagged/vmaf,2021-11-02,tagged,vmaf
tagged/audio,2021-01-21,tagged,audio
tagged/loudness,2021-01-21,tagged,loudness
tagged/stakeholder-engagement,2021-03-22,tagged,stakeholder-engagement
tagged/tooling,2021-03-22,tagged,tooling
tagged/career-paths,2021-05-28,tagged,career-paths
tagged/academia,2021-05-28,tagged,academia
tagged/netfli,2021-05-28,tagged,netfli
tagged/asynchronous,2021-05-12,tagged,asynchronous
tagged/workflow-management,2021-05-12,tagged,workflow-management
tagged/netflix-studio,2021-05-12,tagged,netflix-studio
tagged/tracing,2021-05-12,tagged,tracing
tagged/asset-management,2022-12-17,tagged,asset-management
tagged/cosmos-microservice,2021-11-02,tagged,cosmos-microservice
tagged/metaflow,2024-12-20,tagged,metaflow
tagged/gateway,2022-06-15,tagged,gateway
tagged/antlr,2022-06-15,tagged,antlr
tagged/medium,2023-11-06,tagged,medium
tagged/movies,2022-09-12,tagged,movies
tagged/dataflow,2022-12-04,tagged,dataflow
tagged/standardization,2022-12-04,tagged,standardization
tagged/clustering-algorithm,2023-01-30,tagged,clustering-algorithm
tagged/unsupervised-learning,2023-01-30,tagged,unsupervised-learning
tagged/scalable-service,2023-01-26,tagged,scalable-service
tagged/annotations,2023-03-03,tagged,annotations
tagged/semantic-search,2023-01-26,tagged,semantic-search
tagged/asset-management-software,2023-01-26,tagged,asset-management-software
tagged/alerting,2023-04-27,tagged,alerting
tagged/media-search,2023-08-17,tagged,media-search
tagged/realtime-video-processing,2023-11-08,tagged,realtime-video-processing
tagged/flink,2023-11-03,tagged,flink
tagged/event-streaming,2023-11-03,tagged,event-streaming
tagged/high-dynamic-range,2023-11-29,tagged,high-dynamic-range
tagged/conference,2023-11-27,tagged,conference
tagged/system-design-interview,2024-11-12,tagged,system-design-interview
tagged/counter,2024-11-12,tagged,counter
