article_url,tags,tag_count
https://netflixtechblog.com/building-the-new-netflix-experience-for-tv-920d71d875de,"devices,innovation,javascript,performance,tv,tvs",6
https://netflixtechblog.com/integrating-imperative-apis-into-a-react-application-1257e1b45ac6,"declarative,javascript,react,tv,tvs,user-interface",6
https://netflixtechblog.com/how-we-build-code-at-netflix-c5d9bd727f15,"aminator,aws,bake,build,cloud,continuous-integration",6
https://netflixtechblog.com/pioneering-application-design-on-tvs-tv-connected-devices-e361dbe02f66,"accelerated-compositing,innovation,javascript,performance,tv,tvs",6
https://netflixtechblog.com/announcing-blitz4j-a-scalable-logging-framework-1b60f58229b8,"appender,deadlock,high-volume,locking,locks",5
https://netflixtechblog.com/prana-a-sidecar-for-your-netflix-paas-based-applications-and-services-258a5790a015,"java,netflixoss,open-source,prana,sidecar",5
https://netflixtechblog.com/netflix-drive-a607538c3055,"infrastructure,netflix,s3,storage,studio",5
https://netflixtechblog.com/building-high-performance-mobile-applications-at-netflix-376da166099b,"android,animation,ios,mobile,performance",5
https://netflixtechblog.com/fast-json-api-serialization-with-ruby-on-rails-7c06578ad17f,"json-api,performance,ruby,ruby-on-rails,rubygems",5
https://netflixtechblog.com/fixing-performance-regressions-before-they-happen-eab2602b86fe,"anomaly,changepoint,performance,regression,testing",5
https://netflixtechblog.com/seeing-through-hardware-counters-a-journey-to-threefold-performance-increase-2721924a2822,"jdk-8180450,netflix,performance,pmc,vtune",5
https://netflixtechblog.com/introducing-surus-and-scorepmml-8179aea5f370,"big-data,data-pipeline,data-science,netflixoss,pigs",5
https://netflixtechblog.com/elasticsearch-indexing-strategy-in-asset-management-platform-amp-99332231e541,"asset-management,elasticsearch,netflix,performance,sharding",5
https://netflixtechblog.com/optimizing-the-netflix-streaming-experience-with-data-science-725f04c3e834,"algorithms,analytics,big-data,data-science,predictive-modeling",5
https://netflixtechblog.com/noisy-neighbor-detection-with-ebpf-64b1f4b3bbdd,"containers,ebpf,linux,observability,performance",5
https://netflixtechblog.com/zerotodocker-an-easy-way-to-evaluate-netflixoss-through-runtime-packaging-845db21cb60b,"continuous-delivery,docker,dockerhub,netflixoss,open-source",5
https://netflixtechblog.com/netflix-research-website-767408c50404,"experimentation,machine-learning,netflix,recommendations,research",5
https://netflixtechblog.com/meson-workflow-orchestration-for-netflix-recommendations-fc932625c1d9,"infrastructure,machine-learning,meson,netflixoss,personalization",5
https://netflixtechblog.com/delivering-meaning-with-previews-on-web-3cedc0341b9e,"experimentation,react,trailers,user-interface,web-development",5
https://netflixtechblog.com/netflix-oss-meetup-recap-september-2016-937355669a0c,"msl,netflixoss,open-source,security,ssl",5
https://netflixtechblog.com/titus-the-netflix-container-management-platform-is-now-open-source-f868c9fb5436,"container-orchestration,containers,mesos,netflixoss,titus",5
https://netflixtechblog.com/evolution-of-netflix-conductor-16600be36bca,"distributed-systems,netflix,netflixoss,workflow,workflow-automation",5
https://netflixtechblog.com/evolving-regional-evacuation-69e6cc1d24c6,"failover,fault-tolerance,microservices,netflix,software-engineering",5
https://netflixtechblog.com/artwork-personalization-c589f074ad76,"algorithms,artwork,machine-learning,personalization,recommender-systems",5
https://netflixtechblog.com/highlights-from-prs2016-workshop-57f36fa34b44,"recommendations,research,search,workshop,workshopprs",5
https://netflixtechblog.com/netflix-at-recsys-2016-recap-e32d50d22ecb,"algorithms,machine-learning,personalization,recommendations,research",5
https://netflixtechblog.com/distributed-delay-queues-based-on-dynomite-6b31eca37fbc,"distributed,dynomite,netflixoss,queue,redis",5
https://netflixtechblog.com/data-engineers-of-netflix-interview-with-samuel-setegne-f3027f58c2e2,"big-data,culture,data-engineering,data-tools,developer-productivity",5
https://netflixtechblog.com/netflixs-distributed-counter-abstraction-8d0c45eb66b2,"counter,distributed-systems,scalability,software-architecture,system-design-interview",5
https://netflixtechblog.com/scaling-event-sourcing-for-netflix-downloads-episode-1-6bc1595c5595,"distributed-systems,download-videos,event-sourcing,netflix,scalability",5
https://netflixtechblog.com/introducing-netflix-timed-text-authoring-lineage-6fb57b72ad41,"dubbing,localization,specifications,subtitles,timed-text",5
https://netflixtechblog.com/pseudo-localization-netflix-12fff76fbcbe,"globalization,i18n,internationalization,localization,translation",5
https://netflixtechblog.com/how-netflix-scales-its-api-with-graphql-federation-part-1-ae3557c187e2,"api-gateway,architecture,edge-engineering,graphql,microservice-architecture",5
https://netflixtechblog.com/nts-real-time-streaming-for-test-automation-7cb000e933a1,"apache-kafka,appsanddevices,architecture,automation,netflixdevices",5
https://netflixtechblog.com/tracking-down-the-villains-outlier-detection-at-netflix-40360b31732,"cluster-analysis,dbscan,f-score,machine-learning,outliers",5
https://netflixtechblog.com/how-netflix-uses-druid-for-real-time-insights-to-ensure-a-high-quality-experience-19e1e8568d06,"apache,druid,kafka,metrics-and-analytics,realtime",5
https://netflixtechblog.com/predictive-cpu-isolation-of-containers-at-netflix-91f014d856c7,"containers,docker,linux,machine-learning,optimization",5
https://netflixtechblog.com/how-netflix-accurately-attributes-ebpf-flow-logs-afe6d644a3bc,"containers,ebpf,linux,networking,observability",5
https://netflixtechblog.com/html5-video-in-safari-on-os-x-yosemite-e2291c1c166d,"html5,media-source-extensions,os-x,safari,webcrypto",5
https://netflixtechblog.com/learning-a-personalized-homepage-aa8ec670359a,"algorithms,machine-learning,page-generation,personalization,recommendations",5
https://netflixtechblog.com/selecting-the-best-artwork-for-videos-through-a-b-testing-f6155c4595f6,"ab-testing,algorithms,artwork,experimentation,personalization",5
https://netflixtechblog.com/to-be-continued-helping-you-find-shows-to-continue-watching-on-7c0d8ee4dab6,"algorithms,continue-watching,machine-learning,personalization,recommendations",5
https://netflixtechblog.com/interleaving-in-online-experiments-at-netflix-a04ee392ec55,"ab-testing,algorithms,data-science,experimentation,netflix",5
https://netflixtechblog.com/mezzfs-mounting-object-storage-in-netflixs-media-processing-platform-cda01c446ba,"algorithms,amazon-s3,distributed-systems,python,video-encoding",5
https://netflixtechblog.com/optimizing-content-quality-control-at-netflix-with-predictive-modeling-712281658ab9,"data-science,machine-learning,predictive-modeling,quality-content,quality-control",5
https://netflixtechblog.com/content-popularity-for-open-connect-b86d56f613b,"content-delivery-network,data-science,distributed-systems,networking,predictive-modeling",5
https://netflixtechblog.com/bringing-4k-and-hdr-to-anime-at-netflix-with-sol-levante-fa68105067cd,"4k,animation,anime,hdr,netflix",5
https://netflixtechblog.com/scaling-event-sourcing-for-netflix-downloads-episode-2-ce1b54d46eec,"distributed-systems,download-videos,event-sourcing,security,software-architecture",5
https://netflixtechblog.com/edge-authentication-and-token-agnostic-identity-propagation-514e47e0b602,"authentication,authorization,identity-management,microservice-architecture,security",5
https://netflixtechblog.com/the-show-must-go-on-securing-netflix-studios-at-scale-19b801c86479,"cloud-networking,cloud-security,netflix,security,technology",5
https://netflixtechblog.com/escrow-buddy-an-open-source-tool-from-netflix-for-remediation-of-missing-filevault-keys-in-mdm-815aef5107cd,"apple,information-technology,mac,mdm,security",5
https://netflixtechblog.com/netflix-hack-day-winter-2018-b36ee09699d6,"hackday,ios,netflix,space,webgl",5
https://netflixtechblog.com/whats-trending-on-netflix-f00b4b037f61,"big-data,data-science,recommendations,scalability,stream-processing",5
https://netflixtechblog.com/how-netflix-content-engineering-makes-a-federated-graph-searchable-5c0c1c7d7eaf,"data-mesh,elasticsearch,graphql,indexing,search",5
https://netflixtechblog.com/rad-outlier-detection-on-big-data-d6b0494371cc,"anomaly-detection,apache-pig,big-data,data-science,rpca",5
https://netflixtechblog.com/global-continuous-delivery-with-spinnaker-2a6896c23ba7,"continuous-delivery,netflixoss,open-source,open-source-software,os",5
https://netflixtechblog.com/sps-the-pulse-of-netflix-streaming-ae4db0e05f8a,"devops,high-availability,operational-excellence,operational-insight,site-reliability",5
https://netflixtechblog.com/cloud-efficiency-at-netflix-f2a142955f83,"cloud-efficiency,cost,data-modeling,engineering,infrastructure",5
https://netflixtechblog.com/data-ingestion-pipeline-with-operation-management-3c5c638740a8,"annotations,data-pipeline,distributed-transaction,machine-learning,marken",5
https://netflixtechblog.com/production-media-management-transforming-media-workflows-by-leveraging-the-cloud-1174699e4a08,"content-hub,media-management,media-workflows,movie-production,production-technology",5
https://netflixtechblog.com/data-engineers-of-netflix-interview-with-dhevi-rajendran-a9ab7c7b36e5,"big-data,culture,data,data-engineering,remote-working",5
https://netflixtechblog.com/data-engineers-of-netflix-interview-with-kevin-wylie-7fb9113a01ea,"analytics,big-data,culture,data,data-engineering",5
https://netflixtechblog.com/data-engineers-of-netflix-interview-with-pallavi-phadnis-a1fcc5f64906,"big-data,culture,data,data-engineering,technology",5
https://netflixtechblog.com/netflixoss-meetup-series-1-episode-3-featured-contributions-13861b2799bb,"cloud-computing,conformity-monkey,eucalyptus,genie,ibm",5
https://netflixtechblog.com/active-active-for-multi-regional-resiliency-c47719f6685b,"cloud-computing,denominator,high-availability,resilience,zuul",5
https://netflixtechblog.com/how-netflix-uses-john-stamos-to-optimize-the-cloud-at-scale-5a05a3bbf2eb,"april-fools,cloud-computing,john-stamos,netflix,scalability",5
https://netflixtechblog.com/towards-true-continuous-integration-distributed-repositories-and-dependencies-2a2e3108c051,"cloud-computing,continuous-integration,dependencies,java,microservices",5
https://netflixtechblog.com/open-sourcing-zuul-2-82ea476cb2b3,"api-gateway,cloud-computing,cloud-gateway,netflixoss,zuul",5
https://netflixtechblog.com/netflix-edge-load-balancing-695308b5548c,"api-gateway,cloud-computing,high-availability,load-balancing,software-engineering",5
https://netflixtechblog.com/netflix-oss-and-spring-boot-coming-full-circle-4855947713a0,"cloud-computing,java,open-source,software-engineering,spring",5
https://netflixtechblog.com/curbing-connection-churn-in-zuul-2feb273a3598,"cloud-computing,high-availability,load-balancing,scalability,software-engineering",5
https://netflixtechblog.com/announcing-ribbon-tying-the-netflix-mid-tier-services-together-a89346910a62,"cloud-architecture,distributed,load-balancing,remote-procedure-calls,rest",5
https://netflixtechblog.com/application-data-caching-using-ssds-5bf25df851ef,"caching,cloud-architecture,evcache,netflixoss,performance",5
https://netflixtechblog.com/four-reasons-we-choose-amazons-cloud-as-our-computing-platform-4aceb692afec,"aws,cloud-architecture,cloud-computing,netflix,scaling",5
https://netflixtechblog.com/announcing-servo-ab229fde8c9f,"autoscaling,aws,cloud-computing,metrics,servo",5
https://netflixtechblog.com/scalable-logging-and-tracking-882bde0ddca2,"aws,cloud-architecture,distributed,fault-tolerance,performance",5
https://netflixtechblog.com/netflixoss-meetup-series-1-episode-2-announcing-the-cloud-prize-a4771036c348,"animator,cloud-prize,denominator,evcache,karyon",5
https://netflixtechblog.com/java-21-virtual-threads-dude-wheres-my-lock-3052540e231d,"concurrency,distributed-systems,java,performance,troubleshooting",5
https://netflixtechblog.com/beyond-rest-1b76f7c20ef6,"graphql,graphql-vs-rest,microservices,rapid-prototyping,rest",5
https://netflixtechblog.com/streaming-sql-in-data-mesh-0d83f5a00d08,"big-data,data-mesh,event-streaming,flink,stream-processing",5
https://netflixtechblog.com/a-b-testing-and-beyond-improving-the-netflix-streaming-experience-with-experimentation-and-data-5b0ae9295bdf,"big-data,data-science,experimentation,netflix,statistics",5
https://netflixtechblog.com/using-machine-learning-to-improve-streaming-quality-at-netflix-9651263ef09f,"analytics,big-data,data-science,machine-learning,predictive-modeling",5
https://netflixtechblog.com/growth-engineering-at-netflix-accelerating-innovation-90eb8e70ce59,"big-data,microservices,software-development,ui,ux",5
https://netflixtechblog.com/netflix-at-spark-ai-summit-2018-5304749ed7fa,"apache-spark,big-data,machine-learning,netflix,recommendations",5
https://netflixtechblog.com/notebook-innovation-591ee3221233,"analytics,big-data,data-science,jupyter,nteract",5
https://netflixtechblog.com/delta-a-data-synchronization-and-enrichment-platform-e82c36a79aee,"big-data,change-data-capture,data-synchronization,event-driven-systems,stream-processing",5
https://netflixtechblog.com/hyper-scale-vpc-flow-logs-enrichment-to-provide-network-insight-e5f1db02910d,"big-data,cloud-infrastructure,cloud-networking,data-engineering,netflix",5
https://netflixtechblog.com/how-netflix-uses-ebpf-flow-logs-at-scale-for-network-insight-e3ea997dca96,"big-data,cloud-networking,druid,ebpf,network-analytics",5
https://netflixtechblog.com/auto-diagnosis-and-remediation-in-netflix-data-platform-5bcc52d853d1,"auto-remediation,automation,big-data,data-platforms,stream-processing",5
https://netflixtechblog.com/scaling-a-b-testing-on-netflix-com-with-node-js-59e8101c00fc,"javascript,nodejs,scalability,ui,user-interface",5
https://netflixtechblog.com/netflixgraph-metadata-library-an-optimization-case-study-6cc7d5eb2946,"data-structures,directed-graph,hashmap,netflix,programming",5
https://netflixtechblog.com/making-netflix-com-faster-f95d15f2e972,"javascript,nodejs,payload,react,server-side-rendering",5
https://netflixtechblog.com/performance-without-compromise-40d6003c6037,"javascript,performance,react,rxjs,xr",5
https://netflixtechblog.com/crafting-a-high-performance-tv-user-interface-using-react-3350e5a6ad3b,"fps,javascript,optimization,performance,react",5
https://netflixtechblog.com/modernizing-the-web-playback-ui-1ad2f184a5a0,"ab-testing,javascript,netflix,react,redux",5
https://netflixtechblog.com/extending-vector-with-ebpf-to-inspect-host-and-container-performance-5da3af4c584b,"bpf,containers,javascript,linux,performance",5
https://netflixtechblog.com/how-we-build-micro-frontends-with-lattice-22b8635f77ea,"javascript,micro-frontends,react,typescript,webpack",5
https://netflixtechblog.com/python-at-netflix-bba45dae649e,"data-science,netflix,netflixoss,programming,python",5
https://netflixtechblog.com/re-architecting-the-video-gatekeeper-f7b0ac2f6b00,"caching,open-source,programming,software-architecture,software-engineering",5
https://netflixtechblog.com/introducing-safetest-a-novel-approach-to-front-end-testing-37f9f88c152d,"javascript,netflix,programming,react,testing",5
https://netflixtechblog.com/how-netflix-content-engineering-makes-a-federated-graph-searchable-part-2-49348511c06c,"antlr,elasticsearch,gateway,graphql,search",5
https://netflixtechblog.com/evolution-of-the-netflix-data-pipeline-da246ca36905,"chukwa,complex-event-processing,data-pipeline,elasticsearch,kafka",5
https://netflixtechblog.com/governator-lifecycle-and-dependency-injection-ccb8011c7d5b,"aws,fault-tolerance,rca,reliability,resilience",5
https://netflixtechblog.com/netflix-studio-hack-day-may-2019-b4a0ecc629eb,"computer-vision,hackathons,meetings,netflix,voltron",5
https://netflixtechblog.com/causal-machine-learning-for-creative-insights-4b0ce22a8a96,"causal-inference,causality,computer-vision,creative-production,machine-learning",5
https://netflixtechblog.com/john-carmack-on-developing-the-netflix-app-for-oculus-2c8170aaef00,"gearvr,oculus,oculus-connect,samsung-gear-vr,virtual-reality",5
https://netflixtechblog.com/protecting-netflix-viewing-privacy-at-scale-39c675d88f45,"aes-gcm,aes-ni,encryption,freebsd,https",5
https://netflixtechblog.com/sequential-testing-keeps-the-world-streaming-netflix-part-2-counting-processes-da6805341642,"ab-testing,devops,machine-learning,software-development,statistics",5
https://netflixtechblog.com/keeping-customers-streaming-the-centralized-site-reliability-practice-at-netflix-205cc37aa9fb,"incident-management,incident-response,reliability,site-reliability,sre",5
https://netflixtechblog.com/introducing-winston-event-driven-diagnostic-and-remediation-platform-46ce39aa81cc,"automation,dare,devops,operational-excellence,winston",5
https://netflixtechblog.com/improving-netflixs-operational-visibility-with-real-time-insight-tools-ab5e7af062e5,"data-visualization,insights,operational-insight,operational-visibility,real-time-insights",5
https://netflixtechblog.com/detecting-performance-anomalies-in-external-firmware-deployments-ed41b1bfcf46,"analytics,anomaly-detection,data-science,machine-learning,statistics",5
https://netflixtechblog.com/analytics-at-netflix-who-we-are-and-what-we-do-7d9c08fe6965,"analytics,data-engineering,data-science,data-visualization,netflix",5
https://netflixtechblog.com/a-day-in-the-life-of-a-content-analytics-engineer-eb0250b993be,"analytics,data-engineering,data-science,data-visualization,netflix",5
https://netflixtechblog.com/mythbusting-the-analytics-journey-58d692ea707e,"analytics,data-engineering,data-science,data-visualization,netflix",5
https://netflixtechblog.com/my-seemingly-random-walk-to-netflix-293d952953fa,"academia,analytics,career-paths,data-science,netfli",5
https://netflixtechblog.com/avif-for-next-generation-image-coding-b1d75675fe4,"av1,encoding,image,image-processing,netflix",5
https://netflixtechblog.com/optimized-shot-based-encodes-for-4k-now-streaming-47b516b10bbb,"encoding,netflix,video-compression,video-encoding,video-quality",5
https://netflixtechblog.com/all-of-netflixs-hdr-video-streaming-is-now-dynamically-optimized-e9e0cb15f2ba,"encoding,high-dynamic-range,netflix,video-compression,video-quality",5
https://netflixtechblog.com/scaling-media-machine-learning-at-netflix-f19b400243,"distributed-systems,machine-learning,medium,mlops,netflix",5
https://netflixtechblog.com/safe-updates-of-client-applications-at-netflix-1d01c71a930c,"ab-testing,continuous-delivery,experimentation,metrics,mobile-apps",5
https://netflixtechblog.com/data-pipeline-asset-management-with-dataflow-86525b3e21ca,"automation,ci-cd-pipeline,data-engineering,data-management,deployment",5
https://netflixtechblog.com/data-movement-in-netflix-studio-via-data-mesh-3fddcceb1059,"data-mesh,data-movement,data-pipeline,data-streaming,stream-processing",5
https://netflixtechblog.com/ready-to-go-sample-data-pipelines-with-dataflow-17440a9e141d,"data-engineering,data-pipeline,dataflow,etl,standardization",5
https://netflixtechblog.com/bulldozer-batch-data-moving-from-data-warehouse-to-online-key-value-stores-41bac13863f8,"batch-processing,data-movement,data-warehouse,etl,key-value-store",5
https://netflixtechblog.com/discovering-creative-insights-in-promotional-artwork-295e4d788db5,"clustering-algorithm,computer-vision,data-science,machine-learning,unsupervised-learning",5
https://netflixtechblog.com/ava-the-art-and-science-of-image-discovery-at-netflix-a442f163af6,"artwork,computer-vision,image-processing,image-recognition,machine-learning",5
https://netflixtechblog.com/keeping-netflix-reliable-using-prioritized-load-shedding-6cc827b02f94,"chaos-engineering,load-shedding,netflix,reliability,resilience",5
https://netflixtechblog.com/fenzo-oss-scheduler-for-apache-mesos-frameworks-5c340e77e543,"bin-packing,cluster-autoscaling,fenzo,mesos,scheduling",5
https://netflixtechblog.com/scalable-annotation-service-marken-f5ba9266d428,"annotations,asset-management-software,machine-learning,scalable-service,semantic-search",5
https://netflixtechblog.com/netflix-recommendations-beyond-the-5-stars-part-2-d9b96aa399f5,"consumer-data-science,data-science,machine-learning,personalization,recommendations",5
https://netflixtechblog.com/studio-production-data-science-646ee2cc21a1,"data-science,film,machine-learning,netflix,tv-series",5
https://netflixtechblog.com/netflix-hack-day-fall-2018-c05dda4b98c1,"eye-tracking,hackathons,netflix,sharks,slackbot",5
https://netflixtechblog.com/ml-platform-meetup-infra-for-contextual-bandits-and-reinforcement-learning-4a90305948ef,"contextual-bandit,machine-learning,ml-platform,netflix,reinforcement-learning",5
https://netflixtechblog.com/supporting-content-decision-makers-with-machine-learning-995b7b76006f,"data-science,film,machine-learning,netflix,tv-series",5
https://netflixtechblog.com/making-our-android-studio-apps-reactive-with-ui-components-redux-5e37aac3b244,"android-app-development,components,mobile-app-development,reactive,redux",5
https://netflixtechblog.com/vmaf-the-journey-continues-44b51ee9ed12,"machine-learning,netflix,open-source,video-encoding,video-quality",5
https://netflixtechblog.com/toward-a-better-quality-metric-for-the-video-community-7ed94e752a30,"netflix,open-source,video-encoding,video-quality,vmaf",5
https://netflixtechblog.com/cambi-a-banding-artifact-detector-96777ae12fe2,"netflix,open-source,video-encoding,video-quality,vmaf",5
https://netflixtechblog.com/virtual-production-a-validation-framework-for-unreal-engine-aab780b2f8c8,"game-engine,icvfx,unreal-engine,validation,virtual-production",5
https://netflixtechblog.com/svt-av1-an-open-source-av1-encoder-and-decoder-ad295d9b5ca2,"av1,netflix,open-source,video-compression,video-encoding",5
https://netflixtechblog.com/introducing-svt-av1-a-scalable-open-source-av1-framework-c726cce3103a,"aom,av1,encoder,svt,video-codec",5
https://netflixtechblog.com/protecting-a-storys-future-with-history-and-science-e21a9fb54988,"color-management,color-science,film-and-television,film-history,post-production",5
https://netflixtechblog.com/a-survey-of-causal-inference-applications-at-netflix-b62d25175e6f,"causal-inference,data-science,machine-learning,netflix,technology",5
https://netflixtechblog.com/machine-learning-platform-meetup-ddec090f3c17,"deep-learning,distributed-systems,gpu,machine-learning,netflix",5
https://netflixtechblog.com/ensuring-the-successful-launch-of-ads-on-netflix-f99490fdf1ba,"distributed-systems,load-testing,netflix,reliability,sre",5
https://netflixtechblog.com/its-all-a-bout-testing-the-netflix-experimentation-platform-4e1ca458c15,"ab-testing,data-science,distributed-systems,experimentation,personalization",5
https://netflixtechblog.com/page-simulator-fa02069fb269,"experimentation,metrics,page-generation,personalization,simulation",5
https://netflixtechblog.com/sequential-a-b-testing-keeps-the-world-streaming-netflix-part-1-continuous-data-cba6c7ed49df,"data-science,experimentation,software-development,software-testing,statistics",5
https://netflixtechblog.com/round-2-a-survey-of-causal-inference-applications-at-netflix-fd78328ee0bb,"causal-inference,data-science,experimentation,netflix,technology",5
https://netflixtechblog.com/netflix-android-and-ios-studio-apps-kotlin-multiplatform-d6d4d8d25d23,"android,ios,kotlin,kotlin-multiplatform,mobile-app-development",5
https://netflixtechblog.com/enhancing-netflix-reliability-with-service-level-prioritized-load-shedding-e735e6ce8f7d,"chaos-engineering,distributed-systems,load-shedding,netflix,reliability",5
https://netflixtechblog.com/towards-a-reliable-device-management-platform-4f86230ca623,"alpakka,event-sourcing,fault-tolerance,kafka,reactive-streams",5
https://netflixtechblog.com/building-netflixs-distributed-tracing-infrastructure-bb856c319304,"distributed-tracing,microservices,netflix,observability,operational-insight",5
https://netflixtechblog.com/lessons-from-building-observability-tools-at-netflix-7cfafed6ab17,"metrics,monitoring,observability,request-tracing,stream-processing",5
https://netflixtechblog.com/demystifying-interviewing-for-backend-engineers-netflix-aceb26a83495,"back-end-development,engineering,gaming,netflix,recruiting",5
https://netflixtechblog.com/https-medium-com-netflixtechblog-engineering-to-improve-marketing-effectiveness-part-2-7dd933974f5e,"advertising,engineering,marketing,personalization,technology",5
https://netflixtechblog.com/engineering-to-improve-marketing-effectiveness-part-1-a6dd5d02bab7,"adtech,digital-marketing,engineering,marketing,marketing-operations",5
https://netflixtechblog.com/implementing-japanese-subtitles-on-netflix-c165fbe61989,"japanese-subtitles,subtitles,timed-text,ttml,ttml2",5
https://netflixtechblog.com/enhancing-the-netflix-ui-experience-with-hdr-1e7506ad3e8,"content-creation,experimentation,hdr,image,ui",5
https://netflixtechblog.com/hdmi-scaling-netflix-certification-8e9cb3ec524f,"automation,automation-testing,hdmi,hdr,set-top-box",5
https://netflixtechblog.com/simplifying-media-innovation-at-netflix-with-archer-3f8cbb0e2bcb,"continuous-integration,distributed-systems,docker,media-processing,serverless",5
https://netflixtechblog.com/updates-on-netflixs-container-management-platform-a91738360bd8,"container-orchestration,containers,docker,mesos,titus",5
https://netflixtechblog.com/revisiting-bettertls-certificate-path-building-4c978b79843f,"bettertls,certificate,https,pki,tls",5
https://netflixtechblog.com/engineers-making-movies-aka-open-source-test-content-f21363ea3781,"cinema,hdr,open-source,technology,workflow",5
https://netflixtechblog.com/scheduling-notebooks-348e6c14cfd6,"container-orchestration,jupyter,nteract,scheduling,workflow",5
https://netflixtechblog.com/essential-suite-artwork-producer-assistant-8f2a760bc150,"artwork,computer-vision,image-classification,machine-learning,workflow",5
https://netflixtechblog.com/the-netflix-cosmos-platform-35c14d9351ad,"distributed-computing,media-processing,microservices,serverless-computing,workflow",5
https://netflixtechblog.com/orchestrating-data-ml-workflows-at-scale-with-netflix-maestro-aaa2b41b800c,"data-pipeline,distributed-systems,machine-learning,orchestration,workflow",5
https://netflixtechblog.com/incremental-processing-using-netflix-maestro-and-apache-iceberg-b8ba072ddeeb,"apache-iceberg,data,data-accuracy,data-pipeline,workflow",5
https://netflixtechblog.com/maestro-netflixs-workflow-orchestrator-ee13a06f9c78,"data,distributed-systems,machine-learning,orchestration,workflow",5
https://netflixtechblog.com/100x-faster-how-we-supercharged-netflix-maestros-workflow-engine-028e9637f041,"data,distributed-systems,machine-learning,orchestration,workflow",5
https://netflixtechblog.com/product-integration-testing-at-the-speed-of-netflix-72e4117734a7,"automation,content-metadata,integration-testing,netflix,testing",5
https://netflixtechblog.com/automation-as-a-service-introducing-scriptflask-17a8e4ad954b,"automation-testing,automation-tools,integration-testing,netflix,saas",5
https://netflixtechblog.com/open-sourcing-polynote-an-ide-inspired-polyglot-notebook-7f929d3f447,"data-science,machine-learning,notebook,scala,spark",5
https://netflixtechblog.com/telltale-netflix-application-monitoring-simplified-5c08bfa780ba,"monitoring,netflix,observability,operational-insight,site-reliability",5
https://netflixtechblog.com/seamlessly-swapping-the-api-backend-of-the-netflix-android-app-3d4317155187,"android,backend,backends-for-frontends,microservices,mobile",5
https://netflixtechblog.com/netflix-hack-day-november-2019-c9b31d95d134,"computer-vision,customer-service,hackathons,netflix,nostalgia",5
https://netflixtechblog.com/edgar-solving-mysteries-faster-with-observability-e1a76302c71f,"distributed-tracing,microservices,netflix,observability,operational-insight",5
https://netflixtechblog.com/bringing-rich-experiences-to-memory-constrained-tv-devices-6de771eabb16,"front-end-development,graphics,javascript-development,netflix,user-interface-design",5
https://netflixtechblog.com/building-a-cross-platform-in-app-messaging-orchestration-service-86ba614f92d8,"in-app-messaging,messaging,product-design,product-development,software-development",5
https://netflixtechblog.com/3-psyberg-automated-end-to-end-catch-up-260fbe366fe2,"automated-catchup,data,data-integrity,data-pipeline,icebergs",5
https://netflixtechblog.com/our-first-netflix-data-engineering-summit-f326b0589102,"data,data-engineer,data-engineering,data-science,data-visualization",5
https://netflixtechblog.com/design-principles-for-mathematical-engineering-in-experimentation-platform-15b3ea143b1f,"causal-inference,data-science,experimentation,scientific-research,scientific-software",5
https://netflixtechblog.com/netflixs-production-technology-voltron-ab0e091d232d,"film-production,prodicle,producing,production-technology,saas",5
https://netflixtechblog.com/growth-engineering-at-netflix-automated-imagery-generation-5a105fd51569,"automation,growth,netflix,software-development,software-engineering",5
https://netflixtechblog.com/growth-engineering-at-netflix-creating-a-scalable-offers-platform-69330136dd87,"growth,netflix,software-development,software-engineering,technology",5
https://netflixtechblog.com/achieving-observability-in-async-workflows-cd89b923c784,"asynchronous,netflix-studio,software-engineering,tracing,workflow-management",5
https://netflixtechblog.com/consistent-caching-mechanism-in-titus-gateway-6cb89b9ce296,"container-orchestration,distributed-cache,distributed-systems,software-engineering,titus",5
https://netflixtechblog.com/a-recap-of-the-data-engineering-open-forum-at-netflix-6b4d4410b88f,"data,data-engineering,data-science,software-engineering,technology",5
https://netflixtechblog.com/implementing-the-netflix-media-database-53b5a840b42a,"apache-cassandra,elasticsearch,media-document-model,media-timeline,nmdb",5
https://netflixtechblog.com/lumen-custom-self-service-dashboarding-for-netflix-8c56b541548c,"dashboard,data-visualization,devops,insights,ui",5
https://netflixtechblog.com/how-netflix-scales-its-api-with-graphql-federation-part-2-bbe71aaec44a,"edge-engineering,graphql,microservice-architecture,netflix,observability",5
https://netflixtechblog.com/migrating-netflix-to-graphql-safely-8e1e4d4f1e72,"distributed-systems,graphql,migration,scale,testing-tools",5
https://netflixtechblog.com/netflix-mediadatabase-media-timeline-data-model-4e657e6ffe93,"data-schema,media-document,media-timeline,nmdb,schema-on-write",5
https://netflixtechblog.com/lerner-using-rl-agents-for-test-case-scheduling-3e0686211198,"data-science,deep-learning,machine-learning,python,reinforcement-learning",5
https://netflixtechblog.com/open-sourcing-metaflow-a-human-centric-framework-for-data-science-fa72e04a5d9,"data-science,machine-learning,open-source,productivity,python",5
https://netflixtechblog.com/open-sourcing-a-monitoring-gui-for-metaflow-75ff465f0d60,"machine-learning,metaflow,netflix,open-source,python",5
https://netflixtechblog.com/https-medium-com-netflix-techblog-simone-a-distributed-simulation-service-b2c85131ca1b,"distributed-systems,microservices,scale,simulation,testing-tools",5
https://netflixtechblog.com/open-sourcing-mantis-a-platform-for-building-cost-effective-realtime-operations-focused-5b8ff387813a,"microservices,observability,realtime,reliability,stream-processing",5
https://netflixtechblog.com/post-mortem-of-october-22-2012-aws-degradation-efcee3ab40d5,"aws,fault-tolerance,rca,reliability,resilience",5
https://netflixtechblog.com/optimizing-data-warehouse-storage-7b94a48fdcbe,"big-data,big-data-infrastructure,data-infrastructure,data-platforms,optimization",5
https://netflixtechblog.com/exploring-data-netflix-9d87e20072e3,"cassandra,dynomite,nodejs,redis,vuejs",5
https://netflixtechblog.com/netflix-data-benchmark-benchmarking-cloud-data-stores-7266186ded11,"benchmark,cassandra,cloud,dynomite,performance",5
https://netflixtechblog.com/scaling-time-series-data-storage-part-ii-d67939655586,"big-data,database,distributed-systems,netflix,timeseries",5
https://netflixtechblog.com/cache-warming-agility-for-a-stateful-service-2d3b1da82642,"aws,cache,database,evcache,netflixoss",5
https://netflixtechblog.com/performance-comparison-of-video-coding-standards-an-adaptive-streaming-perspective-d45d0183ca95,"compression,netflix,standards,video-quality,videos",5
https://netflixtechblog.com/dblog-a-generic-change-data-capture-framework-69351fb9099b,"change-data-capture,data-synchronization,database,mysql,postgres",5
https://netflixtechblog.com/full-cycle-developers-at-netflix-a08c31f83249,"api,cloud-services,devops,edge-engineering,sdlc",5
https://netflixtechblog.com/netflix-at-aws-re-invent-2018-4884a292835,"aws,cloud,cloud-computing,netflixoss,netflixsecurity",5
https://netflixtechblog.com/uda-unified-data-architecture-6a6aee261d8d,"data-catalog,data-engineering,data-management,knowledge-management,rdf",5
https://netflixtechblog.com/videos-of-the-netflix-talks-at-aws-re-invent-6760a6332da3,"aws,chaos-monkey,cloud-architecture,data-science,netflixsecurity",5
https://netflixtechblog.com/practical-api-design-at-netflix-part-1-using-protobuf-fieldmask-35cfdc606518,"api,api-design,grpc,microservice-architecture,protocol-buffers",5
https://netflixtechblog.com/practical-api-design-at-netflix-part-2-protobuf-fieldmask-for-mutation-operations-2e75e1d230e4,"api,api-design,grpc,microservice-architecture,protocol-buffers",5
https://netflixtechblog.com/evolving-from-rule-based-classifier-machine-learning-powered-auto-remediation-in-netflix-data-039d5efd115b,"cost-efficiency,machine-learning,operational-efficiency,performance,rule-based-classification",5
https://netflixtechblog.com/data-reprocessing-pipeline-in-asset-management-platform-netflix-46fe225c35c9,"asset-management,cassandra,data-processing,elasticsearch,kafka",5
https://netflixtechblog.com/delivering-breaking-bad-on-netflix-in-ultra-hd-4k-a722b6153dad,"4k,4k-video,sony,ultra-hd,videos",5
https://netflixtechblog.com/introducing-curator-the-netflix-zookeeper-library-c814d3f4917c,"cloud,cloud-architecture,coordination,distributed,hadoop",5
https://netflixtechblog.com/ephemeral-volatile-caching-in-the-cloud-8eba7b124589,"aws,caching,cloud,cloud-architecture,distributed",5
https://netflixtechblog.com/html5-video-in-ie-11-on-windows-8-1-d3a1d53654f1,"html5,media-source-extensions,premium-video-extensions,videos,webcrypto",5
https://netflixtechblog.com/html5-video-at-netflix-721d1f143979,"html5,media-source-extensions,silverlight,videos,webcrypto",5
https://netflixtechblog.com/announcing-archaius-dynamic-properties-in-the-cloud-bc8c51faf675,"cloud,cloud-architecture,configuration,configuration-management,netflix",5
https://netflixtechblog.com/building-a-resilient-data-platform-with-write-ahead-log-at-netflix-127b6712359a,"database,distributed-systems,message-queue,reliability,software-architecture",5
https://netflixtechblog.com/hadoop-platform-as-a-service-in-the-cloud-c23f35f965e7,"big-data,cloud,cloud-architecture,data-science,hadoop",5
https://netflixtechblog.com/genie-is-out-of-the-bottle-66b01784752a,"aws,big-data,cloud,genie,hadoop",5
https://netflixtechblog.com/starting-the-avalanche-640e69b14a06,"application-security,ddos-protection,microservices,netflixsecurity,security",5
https://netflixtechblog.com/announcing-suro-backbone-of-netflixs-data-pipeline-5c660ca917b6,"cloud,data-pipeline,logging,netflixoss,suro",5
https://netflixtechblog.com/netflix-information-security-preventing-credential-compromise-in-aws-41b112c15179,"aws,cloud-computing,cloud-security,netflixsecurity,security",5
https://netflixtechblog.com/netflix-streaming-more-energy-efficient-than-breathing-57658d47b9fd,"carbon-footprint,cloud,co2,energy,energy-efficiency",5
https://netflixtechblog.com/benchmarking-cassandra-scalability-on-aws-over-a-million-writes-per-second-39f45f066c9e,"aws,benchmark,cassandra,cloud-architecture,datastax",5
https://netflixtechblog.com/nosql-at-netflix-e937b660b4c,"cassandra,database,datastax,hadoop,hbase",5
https://netflixtechblog.com/developer-experience-lessons-operating-a-serverless-like-platform-at-netflix-part-ii-63a376c28228,"api,application-development,continuous-delivery,developer-experience,serverless",5
https://netflixtechblog.com/developer-experience-lessons-operating-a-serverless-like-platform-at-netflix-a8bbd5b899a0,"api,application-development,continuous-delivery,developer-experience,serverless",5
https://netflixtechblog.com/netflix-at-aws-re-invent-2017-79384f525367,"cloud,cloud-computing,netflixoss,netflixsecurity,reinvent",5
https://netflixtechblog.com/improve-your-next-experiment-by-learning-better-proxy-metrics-from-past-experiments-64c786c2a3ac,"a-b-testing,data-science,experimentation,machine-learning,statistics",5
https://netflixtechblog.com/fault-tolerance-in-a-high-volume-distributed-system-91ab4faae74a,"api,fault-tolerance,hystrix,reliability,resilience",5
https://netflixtechblog.com/chaos-engineering-upgraded-878d341f15fa,"chaos-engineering,chaos-kong,chaos-monkey,resilience,simian-army",5
https://netflixtechblog.com/the-netflix-media-database-nmdb-9bf8e6d0944d,"database,distributed-database,distributed-systems,media-timeline,nmdb",5
https://netflixtechblog.com/tuning-tomcat-for-a-high-throughput-fail-fast-system-e4d7b2fc163f,"apache,latency,threading,throughput,tomcat",5
https://netflixtechblog.com/netflix-cloud-security-detecting-credential-compromise-in-aws-9493d6fd373a,"aws,cloud-computing,devops,netflixsecurity,security",5
https://netflixtechblog.com/the-new-netflix-stethoscope-native-app-f4e1d38aafcd,"electron,endpoint-security,graphql,netflixsecurity,osquery",5
https://netflixtechblog.com/chap-chaos-automation-platform-53e6d528371f,"chaos-engineering,chaos-kong,chaos-monkey,chaps,netflixoss",5
https://netflixtechblog.com/can-spark-streaming-survive-chaos-monkey-b66482c4924a,"apache-kafka,apache-spark,aws,chaos-monkey,simian-army",5
https://netflixtechblog.com/optimizing-the-netflix-api-5c9ac715cf19,"api,cloud-architecture,distributed,failover,fault-tolerance",5
https://netflixtechblog.com/reactive-programming-in-the-netflix-api-with-rxjava-7811c3a1496a,"api,concurrency,performance,reactive-programming,rxjava",5
https://netflixtechblog.com/public-continuous-integration-builds-for-our-oss-projects-282174d308ce,"build,ci,cloud,jenkins,open-source",5
https://netflixtechblog.com/how-we-determine-product-success-980f81f0047e,"a-b-testing,fail-fast,innovation,netflix,product-management",5
https://netflixtechblog.com/announcing-zuul-edge-service-in-the-cloud-ab3af5be08ee,"api,archaius,astyanax,cloud-architecture,distributed",5
https://netflixtechblog.com/netflix-hack-day-spring-2016-aae715280515,"hackathons,hackday,innovation,netflix,tech",5
https://netflixtechblog.com/improving-experimentation-efficiency-at-netflix-with-meta-analysis-and-optimal-stopping-d8ec290ae5be,"a-b-testing,data-science,experiment,meta-analysis,statistical-inference",5
https://netflixtechblog.com/quasi-experimentation-at-netflix-566b57d2e362,"a-b-testing,causal-inference,data-science,experimentation,quasi-experiment",5
https://netflixtechblog.com/announcing-bpftop-streamlining-ebpf-performance-optimization-6a727c1ae2e5,"ebpf,linux,observability,performance,rust",5
https://netflixtechblog.com/streaming-video-experimentation-at-netflix-visualizing-practical-and-statistical-significance-7117420f4e9a,"a-b-testing,bootstrap,data-science,experimentation,netflix",5
https://netflixtechblog.com/deploying-the-netflix-api-79b6176cc3f0,"api,automation,continuous-delivery,continuous-integration,insights",5
https://netflixtechblog.com/the-netflix-signup-flow-our-journey-to-a-responsive-design-82977a81c767,"a-b-testing,prototyping,responsive-web-design,smart-devices,user-experience",5
https://netflixtechblog.com/astyanax-retiring-an-old-friend-6cca1de9ac4,"astyanax,cassandra,cql,datastax,thrift-api",5
https://netflixtechblog.com/hdr10-now-streaming-on-netflix-c9ab1f4bd72b,"av1,hdr,innovation,netflix,streaming",5
https://netflixtechblog.com/netflix-studio-engineering-overview-ed60afcfa0ce,"engineering,entertainment,innovation,production,studio",5
https://netflixtechblog.com/netflix-hack-day-winter-2017-73590a2fe513,"hackathons,hackday,innovation,netflix,tech",5
https://netflixtechblog.com/reverse-searching-netflixs-federated-graph-222ac5d23576,"distributed-systems,elasticsearch,eventing,graphql,search",5
https://netflixtechblog.com/nicobar-dynamic-scripting-library-for-java-1e4e593c6b79,"api,class-loader,isolation,modules,netflixoss",5
https://netflixtechblog.com/vizceral-open-source-acc0c32113fe,"cloud,flux,microservices,traffic,vizceral",5
https://netflixtechblog.com/introducing-pigpen-ee9534d161a3,"clojure,hadoop,mapreduce,pigs,programming",5
https://netflixtechblog.com/auto-scaling-production-services-on-titus-1f3cd49f5cd7,"autoscaling,aws,containers,netflixoss,titus",5
https://netflixtechblog.com/message-security-layer-a-modern-take-on-securing-communication-f16964b79642,"authentication,cryptography,https,netflixsecurity,security",5
https://netflixtechblog.com/genie-2-0-second-wish-granted-d888d79455c6,"big-data,data-pipeline,emr,genie,hadoop",5
https://netflixtechblog.com/aws-re-invent-was-awesome-280c29ec00cc,"andy-jassy,aws,netflixsecurity,reed-hastings,werner-vogels",5
https://netflixtechblog.com/using-presto-in-our-big-data-platform-on-aws-938035909fd4,"aws,big-data,hadoop,hive,open-source",5
https://netflixtechblog.com/announcing-security-monkey-aws-security-configuration-monitoring-and-analysis-1f2bfb001708,"aws,configuration-management,netflixsecurity,security,simian-army",5
https://netflixtechblog.com/project-nimble-region-evacuation-reimagined-d0d0568254d4,"aws,efficiency,reliability,traffic-management,traffic-optimization",5
https://netflixtechblog.com/evolving-the-netflix-data-platform-with-genie-3-598021604dda,"aws,big-data,microservices,netflix,open-source",5
https://netflixtechblog.com/ml-observability-bring-transparency-to-payments-and-beyond-33073e260a38,"machine-learning,ml-explainability,ml-observability,payment-processing,payments",5
https://netflixtechblog.com/netflix-presentation-videos-from-aws-re-invent-2013-807532f84f90,"availability,aws,data-science,encoding,netflixsecurity",5
https://netflixtechblog.com/kafka-inside-keystone-pipeline-dd5aeabaf6bb,"aws,big-data,cloud-computing,keystone,stream-processing",5
https://netflixtechblog.com/announcing-scumblr-and-sketchy-search-screenshot-and-reclaim-the-internet-9ce6be11daa0,"netflixsecurity,scumblr,security,sketchy,web-development",5
https://netflixtechblog.com/introducing-the-first-netflixoss-recipe-rss-reader-fd85da8a53ff,"archaius,astyanax,blitz4j,cassandra,eureka",5
https://netflixtechblog.com/aegisthus-is-now-part-of-netflixoss-a6364b254973,"aegisthus,big-data,cassandra,data-pipeline,hadoop",5
https://netflixtechblog.com/introducing-fido-automated-security-incident-response-1961f34f7da3,"alerts,cybersecurity,fido,netflixsecurity,security",5
https://netflixtechblog.com/netflix-at-aws-re-invent-2019-e09bfc144831,"aws,cloud-computing,netflixoss,netflixsecurity,reinvent",5
https://netflixtechblog.com/announcing-sleepy-puppy-cross-site-scripting-payload-management-for-web-application-security-d32e62d72e29,"cross-site-scripting,netflixsecurity,security,sleepy-puppy,xs",5
https://netflixtechblog.com/introducing-lemur-ceae8830f621,"aws,netflixsecurity,pki,security,ssl",5
https://netflixtechblog.com/distributed-neural-networks-with-gpus-in-the-aws-cloud-ccf71e82056b,"aws,cuda,deep-learning,distributed,gpu",5
https://netflixtechblog.com/netflix-at-aws-re-invent-2015-2bc50551dead,"aws,awsreinvent,cloud-computing,devops,netflixsecurity",5
https://netflixtechblog.com/investigation-of-a-cross-regional-network-performance-issue-422d6218fdf1,"debugging,kernel,linux,network,tcp",5
https://netflixtechblog.com/scryer-netflixs-predictive-auto-scaling-engine-part-2-bb9c4f9b9385,"analytics,autoscaling,aws,high-availability,predictions",5
https://netflixtechblog.com/introducing-lipstick-on-a-pache-pig-f17e0a4e0c89,"apache-pig,big-data,data-science,hadoop,netflixoss",5
https://netflixtechblog.com/netflix-at-aws-re-invent-2016-1973a8f33816,"aws,cloud,cloud-computing,netflixsecurity,reinvent",5
https://netflixtechblog.com/introducing-hubcommander-1774d8f08fc6,"chatops,github,netflixoss,netflixsecurity,open-source",5
https://netflixtechblog.com/scryer-netflixs-predictive-auto-scaling-engine-a3f8fc922270,"analytics,autoscaling,availability,aws,predictions",5
https://netflixtechblog.com/introducing-netflix-stethoscope-5f3c392368e3,"cybersecurity,netflixoss,netflixsecurity,open-source,security",5
https://netflixtechblog.com/scaling-time-series-data-storage-part-i-ec2b6d44ba39,"architecture,big-data,cassandra,compression,persistence",5
https://netflixtechblog.com/evolution-of-application-data-caching-from-ram-to-ssd-a33d6fa7a690,"aws,caching,cloud-computing,evcache,memcached",5
https://netflixtechblog.com/netflix-sirt-releases-diffy-a-differencing-engine-for-digital-forensics-in-the-cloud-37b71abd2698,"aws,devops,dfir,incident-response,netflixsecurity",5
https://netflixtechblog.com/byte-down-making-netflixs-data-infrastructure-cost-effective-fee7b3235032,"aws,data,data-engineering,data-infrastructure,netflix",5
https://netflixtechblog.com/the-end-of-video-coding-40cf10e711a2,"compression,netflix,streaming,video-encoding,video-quality",5
https://netflixtechblog.com/native-frame-rate-playback-6c87836a948,"hdmi,netflix,qms,set-top-box,streaming",5
https://netflixtechblog.com/zero-configuration-service-mesh-with-on-demand-cluster-discovery-ac6483b52a51,"cloud,envoy,ipc,microservices,service-mesh",5
https://netflixtechblog.com/migrating-critical-traffic-at-scale-with-no-downtime-part-1-ba1c7a1c7835,"distributed-systems,netflix,streaming,system-migration,testing",5
https://netflixtechblog.com/improved-alerting-with-atlas-streaming-eval-e691c60dc61e,"alerting,monitoring,netflix,observability,streaming",5
https://netflixtechblog.com/jmeter-plugin-for-cassandra-8ca848c0d480,"astyanax,cassandra,jmeter,load-testing,thrift",5
https://netflixtechblog.com/packaging-award-winning-shows-with-award-winning-technology-c1010594ba39,"award-winning,file-format,netflix,open-source,streaming",5
https://netflixtechblog.com/netflix-queue-data-migration-for-a-high-volume-web-application-76cb64272198,"cassandra,cloud-architecture,data-migration,nosql,simpledb",5
https://netflixtechblog.com/life-of-a-netflix-partner-engineer-the-case-of-extra-40-ms-b4c2dd278513,"debugging,engineering,netflix,set-top-box,streaming",5
https://netflixtechblog.com/building-in-video-search-936766f0017c,"data-science,machine-learning,medium,streaming,video-editing",5
https://netflixtechblog.com/benchmarking-high-performance-i-o-with-ssd-for-cassandra-on-aws-df621335de0b,"aws,benchmark,cassandra,cloud-computing,ssd",5
https://netflixtechblog.com/how-netflix-brings-safer-and-faster-streaming-experience-to-the-living-room-on-crowded-networks-78b8de7f758c,"netflix,playback,security,streaming,tls",5
https://netflixtechblog.com/supporting-diverse-ml-systems-at-netflix-2d2e6b6d205d,"ai,data-science,human-centric-design,machine-learning,machine-learning-platform",5
https://netflixtechblog.com/snaring-the-bad-folks-66726a1f4c80,"aws,cloud,cloud-security,netflix,security",5
https://netflixtechblog.com/optimized-shot-based-encodes-now-streaming-4b9464204830,"compression,netflix,streaming,video-encoding,video-quality",5
https://netflixtechblog.com/the-netflix-simian-army-16e57fbab116,"chaos-monkey,cloud-computing,netflix,netflixsecurity,simian-army",5
https://netflixtechblog.com/dynamic-optimizer-a-perceptual-video-encoding-optimization-framework-e19f1e3a277f,"netflix,optimization-algorithms,streaming,video-encoding,video-quality",5
https://netflixtechblog.com/netflixs-viewing-data-how-we-know-where-you-are-in-house-of-cards-608dd61077da,"cassandra,cloud-architecture,memcached,netflix,nosql",5
https://netflixtechblog.com/introducing-aardvark-and-repokid-53b081bf3a7e,"aws,cloud-security,netflixsecurity,open-source,security",5
https://netflixtechblog.com/formulating-out-of-memory-kill-prediction-on-the-netflix-app-as-a-machine-learning-problem-989599029109,"big-data-platform,distributed-systems,machine-learning,memory-management,netflix",5
https://netflixtechblog.com/foundation-model-for-personalized-recommendation-1a0bd8e02d39,"ai,deep-learning,foundation-models,machine-learning,personalization",5
https://netflixtechblog.com/consoleme-a-central-control-plane-for-aws-permissions-and-access-fd09afdd60a8,"ami,aws,cloud-security,identity-and-access,permission",5
https://netflixtechblog.com/fm-intent-predicting-user-session-intent-with-hierarchical-multi-task-learning-94c75e18f4b8,"ai,deep-learning,foundation-models,machine-learning,personalization",5
https://netflixtechblog.com/netflix-now-supports-hdr-on-windows-10-1928b40ac7d,"hdr,html5,microsoft-edge,streaming-video,windows-10",5
https://netflixtechblog.com/migrating-critical-traffic-at-scale-with-no-downtime-part-2-4b1c8c7155c1,"distributed-systems,netflix,streaming,system-migration,testing",5
https://netflixtechblog.com/system-architectures-for-personalization-and-recommendation-e081aa94b5d8,"cloud-architecture,hadoop,machine-learning,recommendations",4
https://netflixtechblog.com/recommending-for-the-world-8da8cbcf051b,"algorithms,netflix,recommendations,search",4
https://netflixtechblog.com/how-our-paths-brought-us-to-data-and-netflix-4eced44a6872,"analytics,data-engineering,data-science,netflix",4
https://netflixtechblog.com/behind-the-streams-real-time-recommendations-for-live-events-e027cb313f8f,"architecture,distributed-systems,live-streaming,netflix",4
https://netflixtechblog.com/inviso-visualizing-hadoop-performance-f834175c6df8,"big-data,data-visualization,hadoop,s3",4
https://netflixtechblog.com/a-closer-look-at-the-christmas-eve-outage-d7b409a529ee,"aws,elastic-load-balancer,elb,outage",4
https://netflixtechblog.com/building-a-media-understanding-platform-for-ml-innovations-9bef9962dcb7,"distributed-systems,machine-learning,medium,search",4
https://netflixtechblog.com/embracing-the-differences-inside-the-netflix-api-redesign-15fd8b3dc49d,"api,device-proliferation,innovation,netflix-api",4
https://netflixtechblog.com/stream-processing-with-mantis-78af913f51a6,"microservices,real-time-insights,real-time-streaming,stream-processing",4
https://netflixtechblog.com/netflix-a-culture-of-learning-394bc7d0f94c,"ab-testing,causal-inference,decision-making,experimentation",4
https://netflixtechblog.com/hawkins-diving-into-the-reasoning-behind-our-design-system-964a7357547,"build-vs-buy,component-libraries,design-systems,react",4
https://netflixtechblog.com/sleepy-puppy-extension-for-burp-suite-ca45b80936af,"netflixsecurity,security,sleepy-puppy,xs",4
https://netflixtechblog.com/interpreting-a-b-test-results-false-negatives-and-power-6943995cf3a8,"ab-testing,causal-inference,decision-making,experimentation",4
https://netflixtechblog.com/1-streamlining-membership-data-engineering-at-netflix-with-psyberg-f68830617dd1,"data,data-integrity,data-pipeline,icebergs",4
https://netflixtechblog.com/2-diving-deeper-into-psyberg-stateless-vs-stateful-data-processing-1d273b3aaefb,"data,data-integrity,data-pipeline,icebergs",4
https://netflixtechblog.com/interpreting-a-b-test-results-false-positives-and-statistical-significance-c1522d0db27a,"ab-testing,causal-inference,decision-making,experimentation",4
https://netflixtechblog.com/what-is-an-a-b-test-b08cc1b57962,"ab-testing,causal-inference,decision-making,experimentation",4
https://netflixtechblog.com/decision-making-at-netflix-33065fa06481,"ab-testing,causal-inference,decision-making,experimentation",4
https://netflixtechblog.com/netflix-performance-on-top-networks-48609ef79004,"isp,netflix,network-performance,streaming-video",4
https://netflixtechblog.com/netflix-performance-on-top-isp-networks-182065095289,"isp,netflix,network-performance,streaming-video",4
https://netflixtechblog.com/graphql-search-indexing-334c92e0d8d5,"elasticsearch,front-end-development,graphql,software-development",4
https://netflixtechblog.com/neflix-platform-engineering-were-just-getting-started-267f65c4d1a7,"cloud,distributed-systems,microservices,netflixoss",4
https://netflixtechblog.com/zuul-2-the-netflix-journey-to-asynchronous-non-blocking-systems-45947377fb5c,"cloud,cloud-gateway,open-source,zuul",4
https://netflixtechblog.com/how-netflix-microservices-tackle-dataset-pub-sub-4a068adcc9a,"microservices,netflix,pub-sub,software-engineering",4
https://netflixtechblog.com/netflix-tudum-architecture-from-cqrs-with-kafka-to-cqrs-with-raw-hollow-86d141b72e52,"cqrs,data-architecture,kafka,tudum",4
https://netflixtechblog.com/caching-for-a-global-netflix-7bcc457012f1,"caching,cloud,cloud-architecture,programming",4
https://netflixtechblog.com/s3mper-consistency-in-the-cloud-b6a1076aa4f8,"aws,big-data,cloud,hadoop",4
https://netflixtechblog.com/open-source-at-netflix-c2c4e036e144,"cloud,cloud-computing,netflixoss,open-source",4
https://netflixtechblog.com/distributing-content-to-open-connect-3e3e391d4dc9,"data-science,open-connect,servers,storage",4
https://netflixtechblog.com/ready-for-changes-with-hexagonal-architecture-b315ec967749,"api,api-integration,hexagonal-architecture,software-architecture",4
https://netflixtechblog.com/android-rx-onerror-guidelines-e68e8dc7383f,"api,rxjava,rxjava2,xr",4
https://netflixtechblog.com/more-efficient-mobile-encodes-for-netflix-downloads-625d7b082909,"download,encoding,mobile,video-quality",4
https://netflixtechblog.com/netflix-downloads-on-android-d79db40f1732,"android,download,playback,ux",4
https://netflixtechblog.com/netflix-conductor-inversion-of-control-for-workflows-c495621bc1c5,"inversion-of-control,netflix,orchestration,workflow",4
https://netflixtechblog.com/improving-our-video-encodes-for-legacy-devices-2b6b56eec5c9,"encoding,netflix,video-encoding,video-quality",4
https://netflixtechblog.com/netflix-and-the-imf-community-7117a66b3c47,"imf,imsc,photon,ttml",4
https://netflixtechblog.com/netflix-conductor-a-microservices-orchestrator-2e8d4771bf40,"dynomite,microservices,redis,workflow",4
https://netflixtechblog.com/hystrix-dashboard-turbine-stream-aggregator-60985a2e51df,"api,fault-tolerance,hystrix,turbine",4
https://netflixtechblog.com/toward-a-practical-perceptual-video-quality-metric-653f208b9652,"encoding,quality-control,quality-metrics,video-quality",4
https://netflixtechblog.com/a-brief-history-of-open-source-from-the-netflix-cloud-security-team-412b5d4f1e0c,"aws,netflixsecurity,open-source,security",4
https://netflixtechblog.com/detecting-scene-changes-in-audiovisual-content-77a61d3eaad6,"computer-vision,machine-learning,multimodal,nlp",4
https://netflixtechblog.com/computational-causal-inference-at-netflix-293591691c62,"algorithms,causal-inference,experimentation,machine-learning",4
https://netflixtechblog.com/netflix-ptap-fcb0019b63fb,"content-creation,post-production,technology,video-production",4
https://netflixtechblog.com/our-learnings-from-adopting-graphql-f099de39ae5f,"front-end-development,graphql,javascript,software-engineering",4
https://netflixtechblog.com/pass-the-remote-user-input-on-tv-devices-923f6920c9a8,"javascript,react,user-experience,web-development",4
https://netflixtechblog.com/netflix-oss-batch-requests-with-ruby-on-rails-and-ember-js-4dfdd4b351da,"ember,javascript,ruby,ruby-on-rails",4
https://netflixtechblog.com/rebuilding-netflix-video-processing-pipeline-with-microservices-4e5e6310e359,"microservices,netflix,streaming,video-encoding",4
https://netflixtechblog.com/the-making-of-ves-the-cosmos-microservice-for-netflix-video-encoding-946b9b3cd300,"microservices,netflix,streaming,video-encoding",4
https://netflixtechblog.com/debugging-node-js-in-production-75901bb10f2d,"javascript,nodejs,performance,ui",4
https://netflixtechblog.com/netflix-releases-falcor-developer-preview-aefc033df7a7,"falcor,javascript,nodejs,ui",4
https://netflixtechblog.com/html5-and-video-streaming-a3563b19eb02,"html5,netflix,streaming,videos",4
https://netflixtechblog.com/netflix-likes-react-509675426db,"javascript,react,ui,user-interface",4
https://netflixtechblog.com/node-js-in-flames-ddd073803aa4,"javascript,nodejs,performance,ui",4
https://netflixtechblog.com/complexity-in-the-digital-supply-chain-958384cbd70b,"quality-assurance,supply-chain,technology,videos",4
https://netflixtechblog.com/improving-the-performance-of-our-javascript-inheritance-model-af376d75665,"inheritance,javascript,performance,ui",4
https://netflixtechblog.com/recommending-for-long-term-member-satisfaction-at-netflix-ac15cada49ef,"contextual-bandit,machine-learning,recommendation-system,reward-engineering",4
https://netflixtechblog.com/netflixoss-open-house-42e3334e56bd,"netflix,open-source,open-source-platform,software-development",4
https://netflixtechblog.com/the-next-step-in-personalization-dynamic-sizzles-4dc4ce2011ef,"automation,personalization,realtime-video-processing,trailers",4
https://netflixtechblog.com/machine-learning-for-a-better-developer-experience-1e600c69f36c,"data-science,developer-productivity,machine-learning,neural-networks",4
https://netflixtechblog.com/high-quality-video-encoding-at-scale-d159db052746,"encoding,video-encoding,video-quality,videos",4
https://netflixtechblog.com/engineering-to-scale-paid-media-campaigns-84ba018fb3fa,"advertising,budget-optimization,campaign-management,netflix",4
https://netflixtechblog.com/per-title-encode-optimization-7e99442b62a2,"encoding,video-encoding,video-quality,videos",4
https://netflixtechblog.com/trace-event-chrome-and-more-profile-formats-on-flamescope-5dfe9df5dfa9,"chrome,javascript,linux,performance",4
https://netflixtechblog.com/bringing-av1-streaming-to-netflix-members-tvs-b7fc88e42320,"av1,encoding,netflix,streaming",4
https://netflixtechblog.com/optimizing-the-aural-experience-on-android-devices-with-xhe-aac-c27714292a33,"android,audio,loudness,streaming",4
https://netflixtechblog.com/moving-from-asgard-to-spinnaker-a000b2f7ed17,"asgard,aws,cloud-computing,spinnaker",4
https://netflixtechblog.com/isthmus-resiliency-against-elb-outages-d9e0623484f3,"aws,cloud-computing,elb,resilience",4
https://netflixtechblog.com/asgard-web-based-cloud-management-and-deployment-2c9fc4e4d3a1,"asgard,aws,cloud-computing,open-source",4
https://netflixtechblog.com/for-your-eyes-only-improving-netflix-video-quality-with-neural-networks-5b8d032da09c,"improve-video-quality,netflix,neural-networks,video-quality",4
https://netflixtechblog.com/netflix-recommendations-beyond-the-5-stars-part-1-55838468f429,"machine-learning,netflix,personalization,recommendations",4
https://netflixtechblog.com/introducing-raigad-an-elasticsearch-sidecar-350c7e01339f,"aws,cloud-database,elasticsearch,raigad",4
https://netflixtechblog.com/how-data-science-helps-power-worldwide-delivery-of-netflix-content-bac55800f9a7,"content-delivery-network,data-science,internet,netflix",4
https://netflixtechblog.com/spinnaker-sets-sail-to-the-continuous-delivery-foundation-e81cd2cbbfeb,"cloud-computing,continuous-delivery,open-source,spinnaker",4
https://netflixtechblog.com/how-data-inspires-building-a-scalable-resilient-and-secure-cloud-infrastructure-at-netflix-c14ea9f2d00c,"cloud-computing,data,reliability-engineering,security",4
https://netflixtechblog.com/supercharging-the-ml-and-ai-development-experience-at-netflix-b2d5b95c63eb,"artificial-intelligence,machine-learning,metaflow,mlops",4
https://netflixtechblog.com/empowering-netflix-engineers-with-incident-management-ebb967871de4,"incident-management,incident-response,reliability,site-reliability-engineer",4
https://netflixtechblog.com/global-cloud-active-active-and-beyond-a0fdfa2c3a45,"aws,cloud-computing,fault-tolerance,resilience",4
https://netflixtechblog.com/the-evolution-of-container-usage-at-netflix-3abfc096781b,"cloud-computing,containers,docker,titus",4
https://netflixtechblog.com/flux-a-new-approach-to-system-intuition-cf428b7316ec,"chaos-engineering,cloud-computing,failover,microservices",4
https://netflixtechblog.com/title-launch-observability-at-netflix-scale-8efe69ebd653,"netflix,observability,software-engineering,system-design-concepts",4
https://netflixtechblog.com/netflix-video-quality-at-scale-with-cosmos-microservices-552be631c113,"cosmos-microservice,netflix,video-quality,vmaf",4
https://netflixtechblog.com/applying-netflix-devops-patterns-to-windows-2a57f2dbbf79,"aws,devops,docker,windows",4
https://netflixtechblog.com/remote-workstations-for-the-discerning-artists-8155a8fbd190,"infrastructure,remote-working,saltstack,spinnaker",4
https://netflixtechblog.com/netflix-now-supports-ultra-hd-4k-on-windows-10-with-new-intel-core-processors-ba3b033da972,"4k-ultra-hd,html5,microsoft-edge,windows-10",4
https://netflixtechblog.com/a-large-scale-comparison-of-x264-x265-and-libvpx-a-sneak-peek-2e81e88f8b0f,"encoding,video-encoding,video-quality,videos",4
https://netflixtechblog.com/experimentation-is-a-major-focus-of-data-science-across-netflix-f67923f8e985,"ab-testing,causal-inference,decision-making,experimentation",4
https://netflixtechblog.com/distributed-resource-scheduling-with-apache-mesos-32bd9eb4ca38,"apache-mesos,mantis,meson,titus",4
https://netflixtechblog.com/ava-discovery-view-surfacing-authentic-moments-b8cd145491cc,"computer-vision,distributed-systems,machine-learning,media-search",4
https://netflixtechblog.com/dynomite-with-redis-on-aws-benchmarks-5c942fc7ca38,"aws,database,dynomite,redis",4
https://netflixtechblog.com/update-on-html5-video-for-netflix-fbb57e7d7ca0,"html5,netflix,technology,videos",4
https://netflixtechblog.com/netflix-chaos-monkey-upgraded-1d679429be5d,"chao,chaos-engineering,chaos-monkey,open-source",4
https://netflixtechblog.com/netflix-billing-migration-to-aws-part-iii-7d94ab9d1f59,"architecture,billing,cloud-architecture,database",4
https://netflixtechblog.com/saving-13-million-computational-minutes-per-day-with-flame-graphs-d95633b6d01f,"efficiency,flamegraphs,optimization,performance",4
https://netflixtechblog.com/from-chaos-to-control-testing-the-resiliency-of-netflixs-content-discovery-platform-ce5566aef0a4,"chaos-monkey,fault-tolerance,resilience,simian-army",4
https://netflixtechblog.com/building-confidence-in-a-decision-8705834e6fd8,"ab-testing,causal-inference,decision-making,experimentation",4
https://netflixtechblog.com/a-microscope-on-microservices-923b906103f4,"observability,optimization,performance,scalability",4
https://netflixtechblog.com/rapid-event-notification-system-at-netflix-6deb1d2b57d1,"architecture,distributed-systems,netflix,scalability",4
https://netflixtechblog.com/investigation-of-a-workbench-ui-latency-issue-faa017b4653d,"cpu,debugging,jupyter-notebook,performance",4
https://netflixtechblog.com/netflix-now-streaming-av1-on-android-d5264a515202,"android,aom,av1,video-codec",4
https://netflixtechblog.com/abac-on-spicedb-enabling-netflixs-complex-identity-types-c118f374fa89,"authorization,distributed-systems,security,software-architecture",4
https://netflixtechblog.com/fit-failure-injection-testing-35d8e2a9bb2,"failure-injection,resilience,test-automation,testing",4
https://netflixtechblog.com/evolving-container-security-with-linux-user-namespaces-afbe3308c082,"containers,docker,kubernetes,security",4
https://netflixtechblog.com/automated-canary-analysis-at-netflix-with-kayenta-3260bc7acc69,"automated-testing,devops,software-development,spinnaker",4
https://netflixtechblog.com/conformity-monkey-keeping-your-cloud-instances-following-best-practices-2aaff3479adc,"aws,cloud-computing,netflix,simian-army",4
https://netflixtechblog.com/janitor-monkey-keeping-the-cloud-tidy-and-clean-d517ad74d648,"aws,cloud-computing,open-source,simian-army",4
https://netflixtechblog.com/introducing-dispatch-da4b8a2a8072,"automation,crisis-management,incident-response,netflix",4
https://netflixtechblog.com/introducing-dynomite-making-non-distributed-databases-distributed-c7bce3d89404,"data-replication,database,microservices,sharding",4
https://netflixtechblog.com/a-scalable-system-for-ingestion-and-delivery-of-timed-text-6f4287a8a600,"imf,imsc,timed-text,ttml",4
https://netflixtechblog.com/netflix-shares-cloud-load-balancing-and-failover-tool-eureka-c10647ef95e5,"eureka,failover,load-balancing,open-source",4
https://netflixtechblog.com/netflix-at-mit-code-2020-ad3745525218,"a-b-testing,causal-inference,data-science,experimentation",4
https://netflixtechblog.com/netflix-hack-day-winter-2015-16dbae00de58,"hackathons,innovation,netflix,nintendo",4
https://netflixtechblog.com/building-with-legos-d68368fe4ce,"build,cloud,cloud-architecture,netflix",4
https://netflixtechblog.com/debugging-a-fuse-deadlock-in-the-linux-kernel-c75cd7989b6d,"deadlock,docker,fuse,linux",4
https://netflixtechblog.com/title-launch-observability-at-netflix-scale-19ea916be1ed,"ambiguity,netflix,observability,staff-engineering",4
https://netflixtechblog.com/introducing-atlas-netflixs-primary-telemetry-platform-bd31f4d8ed9a,"big-data,metrics,netflixoss,telemetry",4
https://netflixtechblog.com/netflix-hack-day-d88c7d505461,"hackathons,innovation,netflix,tech",4
https://netflixtechblog.com/accelerating-video-quality-control-at-netflix-with-pixel-error-detection-47ef7af7ca2e,"image-processing,machine-learning,quality-assurance,video-production",4
https://netflixtechblog.com/a-day-in-the-life-of-an-experimentation-and-causal-inference-scientist-netflix-388edfb77d21,"ab-testing,causal-inference,data-science,experimentation",4
https://netflixtechblog.com/av1-scale-film-grain-synthesis-the-awakening-ee09cfdff40b,"microservices,streaming,video-encoding,videos",4
https://netflixtechblog.com/distributed-time-travel-for-feature-generation-389cccdd3907,"big-data,machine-learning,recommendations,spark",4
https://netflixtechblog.com/new-series-creating-media-with-machine-learning-5067ac110bcd,"machine-learning,medium,movies",3
https://netflixtechblog.com/caching-content-for-holiday-streaming-be3792f1d77c,"analytics,caching,content-delivery",3
https://netflixtechblog.com/billing-payments-engineering-meetup-ii-3bec782b3059,"billing,meetup,payments",3
https://netflixtechblog.com/post-training-generative-recommenders-with-advantage-weighted-supervised-finetuning-61a538d717a9,"ai,recommendations,reinforcement-learning",3
https://netflixtechblog.com/building-a-rule-based-platform-to-manage-netflix-membership-skus-at-scale-e3c0f82aa7bc,"membership-engineering,netflix-engineering,rule-based-platform",3
https://netflixtechblog.com/netflix-and-fill-c43a32b490c0,"content-delivery,fill,open-connect",3
https://netflixtechblog.com/automated-failure-testing-86c1b8bc841f,"fault-tolerance,resilience,testing",3
https://netflixtechblog.com/the-netflix-imf-workflow-f45dd72ed700,"imf,imsc,ttml",3
https://netflixtechblog.com/falcor-for-android-9a2b56ba94f5,"android,caching,falcor",3
https://netflixtechblog.com/video-annotator-building-video-classifiers-using-vision-language-models-and-active-learning-8ebdda0b2db4,"artificial-intelligence,machine-learning,video-editing",3
https://netflixtechblog.com/detecting-speech-and-music-in-audio-content-afd64e6a5bf8,"machine-learning,music-classification,speech",3
https://netflixtechblog.com/chelsea-encoding-in-the-fast-lane-5c0e7064053a,"encoding,media-pipeline,original",3
https://netflixtechblog.com/testing-netflix-on-android-78e5f71b89ab,"android-app-development,html5,netflix",3
https://netflixtechblog.com/netflix-security-monkey-on-google-cloud-platform-gcp-f221604c0cc7,"cloud-computing,google-cloud-platform,netflixsecurity",3
https://netflixtechblog.com/reimagining-experimentation-analysis-at-netflix-71356393af21,"causal-inference,data-science,experimentation",3
https://netflixtechblog.com/why-we-use-and-contribute-to-open-source-software-1faa77c2e5c4,"netflix,open-source,software-development",3
https://netflixtechblog.com/key-challenges-with-quasi-experiments-at-netflix-89b4f234b852,"ab-testing,data-science,experimentation",3
https://netflixtechblog.com/global-languages-support-at-netflix-testing-search-queries-ede40f7d93d3,"encoding,media-pipeline,original",3
https://netflixtechblog.com/match-cutting-at-netflix-finding-cuts-with-smooth-visual-transitions-31c3fc14ae59,"computer-vision,machine-learning,video-editing",3
https://netflixtechblog.com/introducing-configurable-metaflow-d2fb8e9ba1c6,"machine-learning,metaflow,mlops",3
https://netflixtechblog.com/bending-pause-times-to-your-will-with-generational-zgc-256629c9386b,"garbage-collection,java,jvm",3
https://netflixtechblog.com/edda-learn-the-stories-of-your-cloud-deployments-ade4f4edd9cd,"aws,cloud-computing,open-source",3
https://netflixtechblog.com/data-compression-for-large-scale-streaming-experimentation-c20bfab8b9ce,"data-compression,data-science,experimentation",3
https://netflixtechblog.com/netflix-open-source-software-cloud-prize-winners-5a15d87a9ed7,"cloud-prize,netflixoss,winner",3
https://netflixtechblog.com/html5-video-is-now-supported-in-firefox-efcfd5de6c71,"html5,playback,videos",3
https://netflixtechblog.com/netflix-original-research-mit-code-2023-9340b879176a,"ab-testing,conference,research",3
https://netflixtechblog.com/netflix-recsys-2012-b0dcf61cef4d,"recommendations,recommender-systems,research",3
https://netflixtechblog.com/how-product-teams-can-build-empathy-through-experimentation-6253603880a6,"experimentation,experimentation-culture,product-management",3
https://netflixtechblog.com/netflix-performance-on-top-isp-networks-98cb851389a5,"netflix,network-performance,throughput",3
https://netflixtechblog.com/announcing-zeno-netflixs-in-memory-data-distribution-framework-8fca9fb5e74f,"netflixoss,open-source,zeno",3
https://netflixtechblog.com/introducing-impressions-at-netflix-e2b67c88c9fb,"data,data-engineering,distributed-systems",3
https://netflixtechblog.com/keystone-real-time-stream-processing-platform-a3ee651812a,"big-data,keystone-data-pipeline,stream-processing",3
https://netflixtechblog.com/serving-100-gbps-from-an-open-connect-appliance-cdb51dda3b99,"content-delivery-network,freebsd,performance",3
https://netflixtechblog.com/netflix-at-velocity-2015-linux-performance-tools-51964ddb81cf,"linux,performance,velocity",3
https://netflixtechblog.com/java-in-flames-e763b3d32166,"graph,java,performance",3
https://netflixtechblog.com/netflix-hack-day-summer-2017-ef3ba81a8a77,"hackday,netflix,raspberry-pi",3
https://netflixtechblog.com/netflix-hack-day-autumn-2015-13b487011031,"hackathons,hackday,netflix",3
https://netflixtechblog.com/netflix-hack-day-summer-2014-e3dfabe85f3b,"hackathons,hackday,tech",3
https://netflixtechblog.com/metacat-making-big-data-discoverable-and-meaningful-at-netflix-56fb36a53520,"big-data,hive-metastore,metadata",3
https://netflixtechblog.com/scaling-muse-how-netflix-powers-data-driven-creative-insights-at-trillion-row-scale-aa9ad326fd77,"big-data,data-engineering,druid",3
https://netflixtechblog.com/machine-learning-for-fraud-detection-in-streaming-services-b0b4ef3be3f6,"anomaly-detection,machine-learning,security",3
https://netflixtechblog.com/introducing-bolt-on-instance-diagnostic-and-remediation-platform-176651b55505,"aws,cloud-computing,netflix",3
https://netflixtechblog.com/ami-creation-with-aminator-98d627ca37b0,"amazon-machine-images,aws,cloud-computing",3
https://netflixtechblog.com/lessons-netflix-learned-from-the-aws-outage-deefe5fd0c04,"aws,cloud-computing,netflix",3
https://netflixtechblog.com/5-lessons-weve-learned-using-aws-1f2a28588e4c,"aws,cloud-computing,netflix",3
https://netflixtechblog.com/netflix-billing-migration-to-aws-part-ii-834f6358126,"billing,cloud-architecture,migration",3
https://netflixtechblog.com/creating-your-own-ec2-spot-market-6dd001875f5,"autoscaling,aws,cloud-computing",3
https://netflixtechblog.com/netflix-at-the-spinnaker-summit-2018-ac694692d007,"cloud-computing,continuous-delivery,spinnaker",3
https://netflixtechblog.com/women-in-cloud-meetup-at-netflix-22f36db5b4d0,"cloud-computing,cloud-now,women-in-tech",3
https://netflixtechblog.com/how-and-why-netflix-built-a-real-time-distributed-graph-part-1-ingesting-and-processing-data-80113e124acc,"big-data,data-engineering,software-architecture",3
https://netflixtechblog.com/announcing-evcache-distributed-in-memory-datastore-for-cloud-c26a698c27f7,"cloud-computing,evcache,open-source",3
https://netflixtechblog.com/object-cache-for-scaling-video-metadata-management-c3c17830983e,"metadata,microservices,scaling",3
https://netflixtechblog.com/timestone-netflixs-high-throughput-low-latency-priority-queueing-system-with-built-in-support-1abf249ba95f,"distributed-systems,priority-queue,redis",3
https://netflixtechblog.com/unbundling-data-science-workflows-with-metaflow-and-aws-step-functions-d454780c6280,"aws,infrastructure,machine-learning",3
https://netflixtechblog.com/first-netflixoss-meetup-39fdd501cab2,"denominator,netflixoss,open-source-software",3
https://netflixtechblog.com/reactive-programming-at-netflix-b944d49874d2,"javascript,reactive-programming,reactivex",3
https://netflixtechblog.com/aegisthus-a-bulk-data-pipeline-out-of-cassandra-984882557fa,"aegisthus,big-data-and-analytics,cassandra",3
https://netflixtechblog.com/dynomite-manager-managing-dynomite-clusters-dfb6874228e4,"database,dynomite,redis",3
https://netflixtechblog.com/scaling-appsec-at-netflix-part-2-c9e0f1488bc5,"appsec,hiring,security",3
https://netflixtechblog.com/kubernetes-and-kernel-panics-ed620b9c6225,"kernel-panic,kubernetes,linux",3
https://netflixtechblog.com/from-facts-metrics-to-media-machine-learning-evolving-the-data-engineering-function-at-netflix-6dcc91058d8d,"data,machine-learning,technology",3
https://netflixtechblog.com/python-at-netflix-86b6028b3b3e,"netflixsecurity,python,python-programming",3
https://netflixtechblog.com/building-fast-com-4857fe0f8adb,"internet-speed,isp,network-speed",3
https://netflixtechblog.com/nosql-netflix-talk-part-1-d3c5faa94d6a,"aws,cloud,nosql",3
https://netflixtechblog.com/open-sourcing-the-netflix-domain-graph-service-framework-graphql-for-spring-boot-92b9dcecda18,"graphql,microservice-architecture,spring-boot",3
https://netflixtechblog.com/women-in-technology-meetup-at-netflix-2582adde90d5,"cloudnow,codechix,women-in-tech",3
https://netflixtechblog.com/women-living-on-the-edge-event-709f49f521df,"edge-engineering,tech,women-in-tech",3
https://netflixtechblog.com/engineering-trade-offs-and-the-netflix-api-re-architecture-64f122b277dd,"api,microservices,software-development",3
https://netflixtechblog.com/introducing-hystrix-for-resilience-engineering-13531c1ab362,"api,fault-tolerance,hystrix",3
https://netflixtechblog.com/behind-the-streams-live-at-netflix-part-1-d23f917c2f40,"architecture,live-streaming,netflix",3
https://netflixtechblog.com/automated-testing-on-devices-fc5a39f47e24,"netflixdevices,software-testing,testing",3
https://netflixtechblog.com/announcing-electric-eye-2bb8ffcf9b1b,"appsanddevices,computer-vision,netflixdevices",3
https://netflixtechblog.com/spinnaker-orchestration-19e7f7b88d33,"orchestration,redis,spinnaker",3
https://netflixtechblog.com/open-sourcing-riskquant-a-library-for-quantifying-risk-6720cc1e4968,"information-security,risk,security",3
https://netflixtechblog.com/bettertls-c9915cd255c0,"security,ssl,tls",3
https://netflixtechblog.com/making-it-easier-to-contribute-to-netflix-oss-cffc3276974a,"meetup,open-source,security",3
https://netflixtechblog.com/revisiting-1-million-writes-per-second-c191a84864cc,"aws,cassandra",2
https://netflixtechblog.com/title-launch-observability-at-netflix-scale-c88c586629eb,"netflix,observability",2
https://netflixtechblog.com/simple-streaming-telemetry-27447416e68f,"open-connect,open-source",2
https://netflixtechblog.com/part-3-a-survey-of-analytics-engineering-work-at-netflix-e67f0aa82183,"analytics,analytics-engineering",2
https://netflixtechblog.com/the-netflix-dynamic-scripting-platform-78c1b18b2a74,"api,java",2
https://netflixtechblog.com/netflix-tech-blog-1caed01764f2,"netflix,technology",2
https://netflixtechblog.com/linux-performance-analysis-in-60-000-milliseconds-accc10403c55,"linux,performance",2
https://netflixtechblog.com/multi-cloud-continuous-delivery-with-spinnaker-report-now-available-6040ba83b765,"continuous-delivery,spinnaker",2
https://netflixtechblog.com/helping-vfx-studios-pave-a-path-to-the-cloud-d308ee43c079,"cloud-rendering,vfx",2
https://netflixtechblog.com/part-2-a-survey-of-analytics-engineering-work-at-netflix-4f1f53b4ab0f,"analytics,analytics-engineering",2
https://netflixtechblog.com/creating-your-own-ec2-spot-market-part-2-106e53be9ed7,"aws,encoding",2
https://netflixtechblog.com/netflix-billing-migration-to-aws-451fba085a4,"billing,cloud-architecture",2
https://netflixtechblog.com/imf-a-prescription-for-versionitis-e0b4c1865c20,"imf,streaming-video",2
https://netflixtechblog.com/introducing-chaos-to-c-4a031a0703ce,"cassandra,chaos-monkey",2
https://netflixtechblog.com/cloud-connect-keynote-complexity-and-freedom-e449b5ea2c40,"aws,cloud-computing",2
https://netflixtechblog.com/introducing-vector-netflixs-on-host-performance-monitoring-tool-c0d3058c3f6f,"performance-co-pilot,vector",2
https://netflixtechblog.com/netflixoss-season-2-episode-1-b477d8879799,"netflixoss,open-source",2
https://netflixtechblog.com/measuring-dialogue-intelligibility-for-netflix-content-58c13d2a6f6e,"dialogue,intelligibility",2
https://netflixtechblog.com/part-1-a-survey-of-analytics-engineering-work-at-netflix-d761cfd551ee,"analytics,analytics-engineering",2
https://netflixtechblog.com/imf-an-open-standard-with-open-tools-d85a665162a6,"open-source,videos",2
https://netflixtechblog.com/netflixoss-meetup-s1e4-cloud-prize-nominations-468ae72f58ef,"cloud-prize,netflixoss",2
https://netflixtechblog.com/astyanax-update-c936487bb0c0,"astyanax,cassandra",2
https://netflixtechblog.com/netflixoss-announcing-hollow-5f710eefca4b,"caching,netflixoss",2
https://netflixtechblog.com/enabling-support-for-ipv6-48a495d5196f,"ipv6,netflix",2
https://netflixtechblog.com/netflix-flamescope-a57ca19d47bb,"performance,visualization",2
https://netflixtechblog.com/redesigning-the-netflix-api-db5a7221fcff,"api,netflix-api",2
https://netflixtechblog.com/localization-technologies-at-netflix-d033e7b13cf,"internationalization,localization",2
https://netflixtechblog.com/evolution-of-open-source-at-netflix-d05c1c788429,"open-source,software-development",2
https://netflixtechblog.com/upcoming-changes-to-the-open-api-program-b422dab191ca,"api,netflix",2
https://netflixtechblog.com/making-the-netflix-api-more-resilient-a8ec62159c2d,"api,netflix-api",2
https://netflixtechblog.com/html5-video-playback-ui-62cfdd9b5d19,"html5,videos",2
https://netflixtechblog.com/extracting-image-metadata-at-scale-c89c60a2b9d2,"computer-vision,content-metadata",2
https://netflixtechblog.com/announcing-priam-4165565c7b07,"cassandra,priam",2
https://netflixtechblog.com/preparing-the-netflix-api-for-deployment-786d8f58090d,"api,continuous-delivery",2
https://netflixtechblog.com/reinforcement-learning-for-budget-constrained-recommendations-6cbc5263a32a,"recommendation-system,reinforcement-learning",2
https://netflixtechblog.com/netflixbugbounty-ae3bf4489def,"netflixsecurity,security",2
https://netflixtechblog.com/scaling-revenue-growth-tooling-87ff969d4241,"stakeholder-engagement,tooling",2
https://netflixtechblog.com/building-and-scaling-data-lineage-at-netflix-to-improve-data-infrastructure-reliability-and-1a52526a7977,big-data,1
https://netflixtechblog.com/netflix%E3%81%AB%E3%81%8A%E3%81%91%E3%82%8B%E6%97%A5%E6%9C%AC%E8%AA%9E%E5%AD%97%E5%B9%95%E3%81%AE%E5%B0%8E%E5%85%A5-b8c8c4fa299e,ttml2,1
https://netflixtechblog.com/extracting-contextual-information-from-video-assets-ee9da25b6008,text-recognition,1
https://netflixtechblog.com/netflix-public-bug-bounty-1-year-later-8f075b49d1cb,security,1
https://netflixtechblog.com/empowering-the-visual-effects-community-with-the-netfx-platform-35fdf604909c,visual-effects,1
